// ⚠️ FILE SINH TỰ ĐỘNG bởi shell/phong-viet/dung.py — đừng sửa tay, chạy lại script.
// Be Vietnam Pro 600, 21px, 241 chữ, alpha 4 bit (2 điểm/byte, mỗi hàng đủ byte).
// Font: Copyright 2021 The Be Vietnam Pro Project Authors
// (https://github.com/bettergui/BeVietnamPro), SIL Open Font License 1.1.
#pragma once
#include <stdint.h>

namespace phongViet {

struct Chu {
  uint16_t ma;    // mã Unicode
  uint8_t w, h;   // khung ảnh chữ
  int8_t dx, dy;  // góc trên-trái so với điểm bút trên đường chân chữ
  uint8_t tien;   // bút tiến bao nhiêu sau chữ này
  uint32_t vt;    // vị trí trong BITMAP
};

static constexpr int TREN = 26;   // cao nhất trên chân chữ (chữ hoa hai dấu: Ẫ, Ặ)
static constexpr int DUOI = 6;    // sâu nhất dưới chân chữ (g, y, dấu nặng)
static constexpr uint16_t SO_CHU = 241;

static const uint8_t BITMAP[] = {
  0x00,0xFF,0xC0,0x00,0x00,0xFF,0xC0,0x00,0x00,0xFF,0xC0,0x00,0x00,0xFF,0xC0,0x00,0x00,0xFF,0xC0,0x00,0x00,0xFF,0xC0,0x00,
  0x00,0xFF,0xC0,0x00,0x00,0xFF,0xC0,0x00,0x00,0xFF,0xC0,0x00,0x00,0xFF,0xC0,0x00,0x00,0xFF,0xC0,0x00,0x00,0x00,0x00,0x00,
  0x00,0x8E,0x60,0x00,0x00,0xEF,0xC0,0x00,0x00,0x8E,0x60,0x00,0x0F,0xF7,0x8F,0xD0,0x0F,0xF3,0x8F,0x90,0x0F,0xE0,0x8F,0x60,
  0x0F,0xB0,0x8F,0x20,0x00,0x00,0x00,0x00,0x00,0x00,0x00,0x00,0x00,0x00,0x00,0x00,0x00,0x00,0x00,0x00,0x00,0x00,0x00,0x00,
  0x00,0x00,0x00,0x00,0x00,0x00,0x00,0x00,0x00,0x00,0x00,0x00,0x00,0x00,0x00,0x00,0x00,0x00,0x00,0x00,0x00,0x00,0x00,0x00,
  0x00,0x00,0x00,0xAF,0xA0,0x04,0xFF,0x20,0x00,0x00,0x00,0x00,0xDF,0x70,0x07,0xFE,0x00,0x00,0x00,0x00,0x01,0xFF,0x40,0x0B,
  0xFA,0x00,0x00,0x00,0x25,0x58,0xFF,0x65,0x5E,0xFA,0x55,0x20,0x00,0x8F,0xFF,0xFF,0xFF,0xFF,0xFF,0xFF,0x50,0x00,0xBF,0xFF,
  0xFF,0xFF,0xFF,0xFF,0xFF,0x20,0x00,0x00,0x0E,0xF6,0x00,0x8F,0xD0,0x00,0x00,0x00,0x00,0x2F,0xF3,0x00,0xBF,0xA0,0x00,0x00,
  0x00,0x00,0x5F,0xF1,0x00,0xEF,0x70,0x00,0x00,0x09,0xFF,0xFF,0xFF,0xFF,0xFF,0xFF,0xF3,0x00,0x0D,0xFF,0xFF,0xFF,0xFF,0xFF,
  0xFF,0xF0,0x00,0x04,0x44,0xFF,0x84,0x4B,0xFD,0x44,0x30,0x00,0x00,0x03,0xFF,0x30,0x0C,0xF9,0x00,0x00,0x00,0x00,0x06,0xFF,
  0x00,0x0F,0xF6,0x00,0x00,0x00,0x00,0x09,0xFC,0x00,0x3F,0xF3,0x00,0x00,0x00,0x00,0x00,0x00,0xFD,0x00,0x00,0x00,0x00,0x00,
  0x02,0xFD,0x10,0x00,0x00,0x00,0x18,0xEF,0xFF,0xFB,0x30,0x00,0x01,0xDF,0xFF,0xFF,0xFF,0xF4,0x00,0x09,0xFF,0xA1,0xFD,0x5E,
  0xFE,0x10,0x0E,0xFE,0x00,0xFD,0x07,0xFF,0x50,0x0E,0xFE,0x00,0xFD,0x01,0x44,0x20,0x0B,0xFF,0xB3,0xFD,0x00,0x00,0x00,0x03,
  0xEF,0xFF,0xFE,0x84,0x00,0x00,0x00,0x29,0xEF,0xFF,0xFF,0xC4,0x00,0x00,0x00,0x03,0xFE,0xEF,0xFF,0x30,0x00,0x00,0x00,0xFD,
  0x08,0xFF,0xA0,0x3B,0xB6,0x00,0xFD,0x01,0xFF,0xC0,0x1F,0xFC,0x00,0xFD,0x03,0xFF,0xA0,0x0A,0xFF,0xA3,0xFD,0x4D,0xFF,0x50,
  0x01,0xDF,0xFF,0xFF,0xFF,0xF9,0x00,0x00,0x18,0xEF,0xFF,0xFC,0x50,0x00,0x00,0x00,0x02,0xFD,0x10,0x00,0x00,0x00,0x00,0x00,
  0xFD,0x00,0x00,0x00,0x00,0x7D,0xFD,0x60,0x00,0x04,0xFF,0x20,0x00,0x08,0xFF,0xFF,0xF6,0x00,0x0C,0xF9,0x00,0x00,0x0E,0xF8,
  0x59,0xFC,0x00,0x6F,0xE1,0x00,0x00,0x0E,0xF4,0x14,0xFD,0x01,0xEF,0x60,0x00,0x00,0x0A,0xFF,0xFF,0xF8,0x08,0xFD,0x00,0x00,
  0x00,0x01,0xBF,0xFF,0xA1,0x2F,0xF4,0x00,0x00,0x00,0x00,0x02,0x42,0x00,0xAF,0xB0,0x00,0x00,0x00,0x00,0x00,0x00,0x04,0xFF,
  0x20,0x00,0x00,0x00,0x00,0x00,0x00,0x0C,0xF9,0x00,0x00,0x00,0x00,0x00,0x00,0x00,0x6F,0xE1,0x07,0xDF,0xD6,0x00,0x00,0x00,
  0x01,0xDF,0x70,0x8F,0xEB,0xFF,0x60,0x00,0x00,0x08,0xFD,0x00,0xEF,0x20,0x4F,0xC0,0x00,0x00,0x2E,0xF4,0x00,0xEE,0x00,0x1F,
  0xD0,0x00,0x00,0xAF,0xB0,0x00,0x8F,0x83,0x9F,0x70,0x00,0x03,0xFF,0x30,0x00,0x07,0xDF,0xD7,0x00,0x00,0x02,0x9D,0xFE,0xA3,
  0x00,0x00,0x00,0x00,0x3E,0xFF,0xFF,0xFF,0x40,0x00,0x00,0x00,0xAF,0xFA,0x59,0xFF,0xB0,0x00,0x00,0x00,0xBF,0xF1,0x01,0xFF,
  0xB0,0x00,0x00,0x00,0x7F,0xF7,0x08,0xFF,0x40,0x00,0x00,0x00,0x09,0xFF,0xDF,0xE5,0x00,0x00,0x00,0x00,0x06,0xFF,0xFC,0x10,
  0x0F,0xFC,0x00,0x00,0xAF,0xFD,0xFF,0x60,0x0F,0xFB,0x00,0x07,0xFF,0x71,0xCF,0xF7,0x1F,0xF8,0x00,0x0D,0xFE,0x00,0x1D,0xFF,
  0x8F,0xF4,0x00,0x0E,0xFD,0x00,0x02,0xEF,0xFF,0xD0,0x00,0x0D,0xFF,0x40,0x00,0x3E,0xFF,0x60,0x00,0x07,0xFF,0xE8,0x56,0xAF,
  0xFF,0xD1,0x00,0x00,0xAF,0xFF,0xFF,0xFF,0xDF,0xFC,0x10,0x00,0x04,0xAE,0xFE,0xB6,0x0D,0xFF,0xC1,0x0F,0xF6,0x0F,0xF2,0x0F,
  0xD0,0x0F,0xA0,0x00,0x00,0x00,0x00,0x00,0x00,0x00,0x00,0x00,0x00,0x00,0x00,0x00,0x00,0x00,0x00,0x00,0x00,0x00,0x00,0x00,
  0x00,0x00,0x00,0x00,0x6B,0x70,0x00,0x00,0x2D,0xFF,0x80,0x00,0x03,0xEF,0xFD,0x40,0x00,0x1D,0xFF,0x90,0x00,0x00,0x8F,0xFA,
  0x00,0x00,0x01,0xEF,0xE1,0x00,0x00,0x05,0xFF,0x90,0x00,0x00,0x09,0xFF,0x40,0x00,0x00,0x0C,0xFF,0x10,0x00,0x00,0x0E,0xFD,
  0x00,0x00,0x00,0x0F,0xFC,0x00,0x00,0x00,0x0E,0xFD,0x00,0x00,0x00,0x0D,0xFE,0x00,0x00,0x00,0x0B,0xFF,0x20,0x00,0x00,0x07,
  0xFF,0x60,0x00,0x00,0x02,0xFF,0xC0,0x00,0x00,0x00,0xBF,0xF5,0x00,0x00,0x00,0x3F,0xFE,0x30,0x00,0x00,0x07,0xFF,0xE6,0x10,
  0x00,0x00,0x8F,0xFF,0x80,0x00,0x00,0x05,0xDF,0x80,0x00,0x00,0x00,0x03,0x30,0x0C,0x93,0x00,0x00,0x00,0x0F,0xFF,0x90,0x00,
  0x00,0x0A,0xFF,0xFC,0x10,0x00,0x00,0x2C,0xFF,0xA0,0x00,0x00,0x01,0xDF,0xF4,0x00,0x00,0x00,0x4F,0xFC,0x00,0x00,0x00,0x0C,
  0xFF,0x20,0x00,0x00,0x07,0xFF,0x60,0x00,0x00,0x04,0xFF,0x90,0x00,0x00,0x01,0xFF,0xB0,0x00,0x00,0x00,0xFF,0xC0,0x00,0x00,
  0x01,0xFF,0xB0,0x00,0x00,0x02,0xFF,0xA0,0x00,0x00,0x05,0xFF,0x80,0x00,0x00,0x0A,0xFF,0x40,0x00,0x00,0x1F,0xFE,0x00,0x00,
  0x00,0xAF,0xF8,0x00,0x00,0x07,0xFF,0xE1,0x00,0x03,0xAF,0xFF,0x40,0x00,0x0F,0xFF,0xE4,0x00,0x00,0x0F,0xFA,0x20,0x00,0x00,
  0x04,0x10,0x00,0x00,0x00,0x00,0x00,0xFF,0x00,0x00,0x00,0x00,0x00,0xFF,0x00,0x00,0x00,0x1D,0x83,0xFF,0x38,0xD1,0x00,0x5F,
  0xFF,0xFF,0xFF,0xF5,0x00,0x03,0x7D,0xFF,0xD7,0x30,0x00,0x00,0x3E,0xFF,0xF3,0x00,0x00,0x01,0xDF,0x88,0xFD,0x10,0x00,0x01,
  0xBC,0x00,0xCB,0x20,0x00,0x00,0x01,0x00,0x10,0x00,0x00,0x00,0x00,0x00,0x00,0x00,0x00,0x00,0x00,0x00,0x00,0x00,0x00,0x00,
  0x00,0x00,0x00,0x00,0x00,0x00,0x00,0x00,0x00,0x00,0x00,0x00,0x00,0x00,0x00,0x00,0x00,0x00,0x00,0x00,0x00,0x00,0x00,0x00,
  0x00,0x0F,0xFC,0x00,0x00,0x00,0x00,0x00,0x0F,0xFC,0x00,0x00,0x00,0x00,0x44,0x4F,0xFD,0x44,0x00,0x00,0x00,0xFF,0xFF,0xFF,
  0xFF,0x00,0x00,0x00,0xFF,0xFF,0xFF,0xFF,0x00,0x00,0x00,0x00,0x0F,0xFC,0x00,0x00,0x00,0x00,0x00,0x0F,0xFC,0x00,0x00,0x00,
  0x00,0x00,0x0F,0xFC,0x00,0x00,0x00,0x00,0x00,0x00,0x00,0x00,0x00,0x00,0x00,0x00,0x00,0x00,0x00,0x00,0x00,0x00,0x00,0x00,
  0x00,0x00,0x00,0x00,0x00,0x8E,0x60,0x00,0x00,0xEF,0xC0,0x00,0x00,0x9F,0x90,0x00,0x00,0x1E,0x20,0x00,0x00,0x98,0x00,0x00,
  0x00,0x70,0x00,0x00,0x00,0x44,0x44,0x44,0x44,0x00,0x00,0x00,0xFF,0xFF,0xFF,0xFF,0x00,0x00,0x00,0xFF,0xFF,0xFF,0xFF,0x00,
  0x00,0x00,0x00,0x00,0x00,0x00,0x00,0x00,0x00,0x00,0x00,0x00,0x00,0x00,0x00,0x00,0x00,0x00,0x00,0x00,0x00,0x00,0x00,0x00,
  0x00,0x00,0x00,0x00,0x00,0x00,0x00,0x00,0x00,0x00,0x00,0x00,0x00,0x8E,0x60,0x00,0x00,0xEF,0xC0,0x00,0x00,0x8E,0x60,0x00,
  0x00,0x00,0x00,0x00,0x78,0x40,0x00,0x00,0x00,0x04,0xFF,0x40,0x00,0x00,0x00,0x0A,0xFD,0x00,0x00,0x00,0x00,0x1E,0xF8,0x00,
  0x00,0x00,0x00,0x5F,0xF3,0x00,0x00,0x00,0x00,0xBF,0xC0,0x00,0x00,0x00,0x01,0xFF,0x70,0x00,0x00,0x00,0x07,0xFF,0x20,0x00,
  0x00,0x00,0x0C,0xFB,0x00,0x00,0x00,0x00,0x2F,0xF6,0x00,0x00,0x00,0x00,0x8F,0xF1,0x00,0x00,0x00,0x00,0xDF,0xA0,0x00,0x00,
  0x00,0x03,0xFF,0x50,0x00,0x00,0x00,0x09,0xFE,0x00,0x00,0x00,0x00,0x0E,0xF9,0x00,0x00,0x00,0x00,0x4F,0xF4,0x00,0x00,0x00,
  0x00,0xAF,0xD0,0x00,0x00,0x00,0x01,0xEF,0x80,0x00,0x00,0x00,0x05,0xFF,0x30,0x00,0x00,0x00,0x0B,0xFC,0x00,0x00,0x00,0x00,
  0x1F,0xF7,0x00,0x00,0x00,0x00,0x00,0x00,0x4A,0xEF,0xD9,0x30,0x00,0x00,0x00,0x09,0xFF,0xFF,0xFF,0xF6,0x00,0x00,0x00,0x8F,
  0xFD,0x64,0x7E,0xFF,0x50,0x00,0x02,0xFF,0xD1,0x00,0x02,0xEF,0xD0,0x00,0x08,0xFF,0x50,0x00,0x00,0x8F,0xF5,0x00,0x0C,0xFF,
  0x00,0x00,0x00,0x3F,0xF9,0x00,0x0E,0xFD,0x00,0x00,0x00,0x1F,0xFB,0x00,0x0F,0xFC,0x00,0x00,0x00,0x0F,0xFC,0x00,0x0E,0xFD,
  0x00,0x00,0x00,0x1F,0xFB,0x00,0x0C,0xFF,0x10,0x00,0x00,0x3F,0xF9,0x00,0x08,0xFF,0x50,0x00,0x00,0x8F,0xF5,0x00,0x02,0xFF,
  0xD1,0x00,0x02,0xEF,0xD0,0x00,0x00,0x8F,0xFD,0x64,0x7E,0xFF,0x50,0x00,0x00,0x09,0xFF,0xFF,0xFF,0xF6,0x00,0x00,0x00,0x00,
  0x4A,0xEF,0xD9,0x30,0x00,0x00,0x00,0x00,0x5F,0xC0,0x00,0x00,0x29,0xFF,0xC0,0x00,0x0C,0xFF,0xFF,0xC0,0x00,0x0F,0xFF,0xFF,
  0xC0,0x00,0x00,0x00,0xFF,0xC0,0x00,0x00,0x00,0xFF,0xC0,0x00,0x00,0x00,0xFF,0xC0,0x00,0x00,0x00,0xFF,0xC0,0x00,0x00,0x00,
  0xFF,0xC0,0x00,0x00,0x00,0xFF,0xC0,0x00,0x00,0x00,0xFF,0xC0,0x00,0x00,0x00,0xFF,0xC0,0x00,0x00,0x00,0xFF,0xC0,0x00,0x00,
  0x00,0xFF,0xC0,0x00,0x00,0x00,0xFF,0xC0,0x00,0x00,0x03,0xAE,0xFE,0xA4,0x00,0x00,0x00,0x6F,0xFF,0xFF,0xFF,0x90,0x00,0x03,
  0xFF,0xE7,0x47,0xEF,0xF6,0x00,0x0A,0xFF,0x30,0x00,0x3F,0xFC,0x00,0x0E,0xFC,0x00,0x00,0x0D,0xFE,0x00,0x01,0x11,0x00,0x00,
  0x0E,0xFD,0x00,0x00,0x00,0x00,0x00,0x7F,0xF9,0x00,0x00,0x00,0x00,0x04,0xFF,0xE2,0x00,0x00,0x00,0x00,0x6F,0xFE,0x40,0x00,
  0x00,0x00,0x08,0xFF,0xE3,0x00,0x00,0x00,0x01,0xBF,0xFC,0x20,0x00,0x00,0x00,0x2D,0xFF,0xA1,0x00,0x00,0x00,0x04,0xEF,0xFC,
  0x44,0x44,0x44,0x00,0x0F,0xFF,0xFF,0xFF,0xFF,0xFF,0x00,0x0F,0xFF,0xFF,0xFF,0xFF,0xFF,0x00,0x00,0x05,0xBE,0xFE,0xB5,0x00,
  0x00,0x00,0x9F,0xFF,0xFF,0xFF,0xC1,0x00,0x06,0xFF,0xE7,0x46,0xDF,0xF9,0x00,0x0D,0xFF,0x20,0x00,0x1E,0xFE,0x00,0x08,0x87,
  0x00,0x00,0x0D,0xFE,0x00,0x00,0x00,0x00,0x01,0x8F,0xF7,0x00,0x00,0x00,0x3F,0xFF,0xFE,0x70,0x00,0x00,0x00,0x3F,0xFF,0xFC,
  0x40,0x00,0x00,0x00,0x14,0x46,0xDF,0xF5,0x00,0x00,0x00,0x00,0x00,0x2F,0xFC,0x00,0x0A,0xB9,0x00,0x00,0x0D,0xFE,0x00,0x0C,
  0xFF,0x30,0x00,0x2F,0xFD,0x00,0x06,0xFF,0xE7,0x47,0xDF,0xF7,0x00,0x00,0x9F,0xFF,0xFF,0xFF,0xA0,0x00,0x00,0x05,0xBE,0xFE,
  0xA5,0x00,0x00,0x00,0x00,0x00,0x2E,0xFF,0xC0,0x00,0x00,0x00,0x00,0x00,0xBF,0xFF,0xC0,0x00,0x00,0x00,0x00,0x07,0xFF,0xFF,
  0xC0,0x00,0x00,0x00,0x00,0x3F,0xFA,0xFF,0xC0,0x00,0x00,0x00,0x01,0xDF,0xE1,0xFF,0xC0,0x00,0x00,0x00,0x09,0xFF,0x40,0xFF,
  0xC0,0x00,0x00,0x00,0x5F,0xF8,0x00,0xFF,0xC0,0x00,0x00,0x02,0xEF,0xC0,0x00,0xFF,0xC0,0x00,0x00,0x0B,0xFE,0x20,0x00,0xFF,
  0xC0,0x00,0x00,0x6F,0xFA,0x55,0x55,0xFF,0xD5,0x53,0x00,0x8F,0xFF,0xFF,0xFF,0xFF,0xFF,0xF8,0x00,0x8F,0xFF,0xFF,0xFF,0xFF,
  0xFF,0xF8,0x00,0x00,0x00,0x00,0x00,0xFF,0xC0,0x00,0x00,0x00,0x00,0x00,0x00,0xFF,0xC0,0x00,0x00,0x00,0x00,0x00,0x00,0xFF,
  0xC0,0x00,0x00,0x00,0x4F,0xFF,0xFF,0xFF,0xFB,0x00,0x00,0x6F,0xFF,0xFF,0xFF,0xFB,0x00,0x00,0x8F,0xC4,0x44,0x44,0x43,0x00,
  0x00,0xBF,0x90,0x00,0x00,0x00,0x00,0x00,0xDF,0x70,0x24,0x20,0x00,0x00,0x00,0xFF,0x7C,0xFF,0xFE,0x70,0x00,0x03,0xFF,0xFF,
  0xFF,0xFF,0xF9,0x00,0x05,0xFF,0xE6,0x11,0x6E,0xFF,0x40,0x04,0x88,0x40,0x00,0x06,0xFF,0x90,0x00,0x00,0x00,0x00,0x01,0xFF,
  0xC0,0x07,0xA9,0x00,0x00,0x01,0xFF,0xB0,0x08,0xFF,0x50,0x00,0x08,0xFF,0x70,0x01,0xEF,0xF8,0x45,0xAF,0xFE,0x10,0x00,0x4E,
  0xFF,0xFF,0xFF,0xE3,0x00,0x00,0x02,0x9D,0xFE,0xD8,0x10,0x00,0x00,0x00,0x04,0x9D,0xEF,0xE6,0x00,0x00,0x00,0x01,0xBF,0xFF,
  0xFF,0xF7,0x00,0x00,0x00,0x1C,0xFF,0xB6,0x54,0x63,0x00,0x00,0x00,0x9F,0xE4,0x00,0x00,0x00,0x00,0x00,0x02,0xFF,0x50,0x34,
  0x20,0x00,0x00,0x00,0x08,0xFD,0x5D,0xFF,0xFE,0x70,0x00,0x00,0x0C,0xFD,0xFF,0xFF,0xFF,0xF9,0x00,0x00,0x0E,0xFF,0xD5,0x12,
  0x7E,0xFF,0x40,0x00,0x0F,0xFF,0x30,0x00,0x06,0xFF,0x90,0x00,0x0E,0xFD,0x00,0x00,0x01,0xFF,0xC0,0x00,0x0B,0xFE,0x00,0x00,
  0x02,0xFF,0xB0,0x00,0x06,0xFF,0x60,0x00,0x08,0xFF,0x70,0x00,0x00,0xCF,0xF9,0x55,0xAF,0xFE,0x10,0x00,0x00,0x2D,0xFF,0xFF,
  0xFF,0xE4,0x00,0x00,0x00,0x00,0x7C,0xEF,0xD9,0x20,0x00,0x00,0x0F,0xFF,0xFF,0xFF,0xFF,0xFF,0x00,0x0F,0xFF,0xFF,0xFF,0xFF,
  0xFF,0x00,0x04,0x44,0x44,0x44,0xBF,0xF6,0x00,0x00,0x00,0x00,0x06,0xFF,0x80,0x00,0x00,0x00,0x00,0x2E,0xFB,0x00,0x00,0x00,
  0x00,0x00,0xCF,0xE2,0x00,0x00,0x00,0x00,0x05,0xFF,0x70,0x00,0x00,0x00,0x00,0x0D,0xFE,0x10,0x00,0x00,0x00,0x00,0x5F,0xF7,
  0x00,0x00,0x00,0x00,0x00,0xBF,0xF1,0x00,0x00,0x00,0x00,0x01,0xFF,0xB0,0x00,0x00,0x00,0x00,0x06,0xFF,0x70,0x00,0x00,0x00,
  0x00,0x09,0xFF,0x40,0x00,0x00,0x00,0x00,0x0B,0xFF,0x10,0x00,0x00,0x00,0x00,0x0C,0xFF,0x00,0x00,0x00,0x00,0x00,0x05,0xAE,
  0xFE,0xB6,0x00,0x00,0x00,0xAF,0xFF,0xFF,0xFF,0xC1,0x00,0x06,0xFF,0xD7,0x46,0xCF,0xF9,0x00,0x0B,0xFF,0x30,0x00,0x1E,0xFE,
  0x00,0x0B,0xFF,0x30,0x00,0x1E,0xFE,0x00,0x06,0xFF,0xD7,0x46,0xCF,0xF9,0x00,0x00,0x7F,0xFF,0xFF,0xFF,0x90,0x00,0x00,0x4D,
  0xFF,0xFF,0xFE,0x60,0x00,0x05,0xFF,0xC4,0x11,0x5D,0xFA,0x00,0x0C,0xFE,0x10,0x00,0x03,0xFF,0x70,0x0F,0xFD,0x00,0x00,0x01,
  0xFF,0xB0,0x0D,0xFF,0x30,0x00,0x06,0xFF,0xA0,0x08,0xFF,0xE8,0x55,0x9F,0xFF,0x50,0x00,0xAF,0xFF,0xFF,0xFF,0xF8,0x00,0x00,
  0x04,0xAD,0xFE,0xD9,0x30,0x00,0x00,0x03,0xAD,0xFE,0xB5,0x00,0x00,0x00,0x00,0x6F,0xFF,0xFF,0xFF,0xB1,0x00,0x00,0x03,0xFF,
  0xF9,0x55,0xAF,0xFA,0x00,0x00,0x0A,0xFF,0x50,0x00,0x08,0xFF,0x30,0x00,0x0E,0xFE,0x00,0x00,0x02,0xFF,0x80,0x00,0x0E,0xFE,
  0x00,0x00,0x02,0xFF,0xB0,0x00,0x0C,0xFF,0x50,0x00,0x08,0xFF,0xC0,0x00,0x05,0xFF,0xF9,0x55,0xAF,0xFF,0xB0,0x00,0x00,0x9F,
  0xFF,0xFF,0xFC,0xDF,0x90,0x00,0x00,0x05,0xBE,0xFD,0x82,0xFF,0x50,0x00,0x00,0x00,0x00,0x00,0x09,0xFE,0x10,0x00,0x00,0x00,
  0x00,0x00,0x7F,0xF7,0x00,0x00,0x00,0x45,0x45,0x7C,0xFF,0xA0,0x00,0x00,0x00,0xAF,0xFF,0xFF,0xF9,0x00,0x00,0x00,0x00,0x8E,
  0xFE,0xC9,0x30,0x00,0x00,0x00,0x00,0x8E,0x60,0x00,0x00,0xEF,0xC0,0x00,0x00,0x8E,0x60,0x00,0x00,0x00,0x00,0x00,0x00,0x00,
  0x00,0x00,0x00,0x00,0x00,0x00,0x00,0x00,0x00,0x00,0x00,0x00,0x00,0x00,0x00,0x8E,0x60,0x00,0x00,0xEF,0xC0,0x00,0x00,0x8E,
  0x60,0x00,0x00,0x8E,0x60,0x00,0x00,0xEF,0xC0,0x00,0x00,0x8E,0x60,0x00,0x00,0x00,0x00,0x00,0x00,0x00,0x00,0x00,0x00,0x00,
  0x00,0x00,0x00,0x00,0x00,0x00,0x00,0x00,0x00,0x00,0x00,0x9E,0x60,0x00,0x00,0xEF,0xC0,0x00,0x00,0x9F,0x90,0x00,0x00,0x1D,
  0x20,0x00,0x00,0x89,0x00,0x00,0x00,0x71,0x00,0x00,0x00,0x00,0x00,0x00,0x01,0x30,0x00,0x00,0x00,0x02,0x9F,0x80,0x00,0x00,
  0x04,0xAF,0xFF,0x70,0x00,0x05,0xCF,0xFF,0xA3,0x00,0x00,0xDF,0xFD,0x71,0x00,0x00,0x00,0xFF,0xFB,0x40,0x00,0x00,0x00,0x39,
  0xFF,0xFD,0x61,0x00,0x00,0x00,0x18,0xEF,0xFE,0x50,0x00,0x00,0x00,0x16,0xDF,0x80,0x00,0x00,0x00,0x00,0x05,0x50,0x00,0x00,
  0x00,0x00,0x00,0x00,0x00,0x00,0x00,0x00,0x00,0x00,0x00,0xFF,0xFF,0xFF,0xFF,0xFF,0xF0,0x00,0x00,0xFF,0xFF,0xFF,0xFF,0xFF,
  0xF0,0x00,0x00,0x44,0x44,0x44,0x44,0x44,0x40,0x00,0x00,0x00,0x00,0x00,0x00,0x00,0x00,0x00,0x00,0x44,0x44,0x44,0x44,0x44,
  0x40,0x00,0x00,0xFF,0xFF,0xFF,0xFF,0xFF,0xF0,0x00,0x00,0xFF,0xFF,0xFF,0xFF,0xFF,0xF0,0x00,0x00,0x00,0x00,0x00,0x00,0x00,
  0x00,0x00,0x00,0x00,0x00,0x00,0x00,0x00,0x00,0x00,0x00,0x00,0x00,0x00,0x00,0x00,0x00,0x00,0x00,0x40,0x00,0x00,0x00,0x00,
  0x00,0xFC,0x60,0x00,0x00,0x00,0x00,0xEF,0xFD,0x71,0x00,0x00,0x00,0x17,0xDF,0xFE,0x92,0x00,0x00,0x00,0x04,0xBF,0xFF,0x60,
  0x00,0x00,0x01,0x7E,0xFF,0x70,0x00,0x03,0x9F,0xFF,0xD6,0x00,0x00,0xBF,0xFF,0xB4,0x00,0x00,0x00,0xFF,0xA3,0x00,0x00,0x00,
  0x00,0x82,0x00,0x00,0x00,0x00,0x00,0x00,0x00,0x00,0x00,0x00,0x00,0x00,0x00,0x00,0x00,0x00,0x00,0x04,0xAE,0xFD,0xA4,0x00,
  0x00,0x00,0x9F,0xFF,0xFF,0xFF,0x80,0x00,0x06,0xFF,0xE7,0x47,0xEF,0xF5,0x00,0x0C,0xFF,0x30,0x00,0x4F,0xFA,0x00,0x0B,0xCA,
  0x00,0x00,0x1F,0xFC,0x00,0x00,0x00,0x00,0x00,0x7F,0xF9,0x00,0x00,0x00,0x00,0x08,0xFF,0xD1,0x00,0x00,0x00,0x00,0xBF,0xFD,
  0x20,0x00,0x00,0x00,0x09,0xFF,0xB1,0x00,0x00,0x00,0x00,0x0E,0xFE,0x00,0x00,0x00,0x00,0x00,0x0A,0xA8,0x00,0x00,0x00,0x00,
  0x00,0x00,0x00,0x00,0x00,0x00,0x00,0x00,0x08,0xE6,0x00,0x00,0x00,0x00,0x00,0x0E,0xFC,0x00,0x00,0x00,0x00,0x00,0x08,0xE6,
  0x00,0x00,0x00,0x00,0x00,0x00,0x27,0xBD,0xEE,0xDB,0x72,0x00,0x00,0x00,0x00,0x00,0x19,0xFF,0xFF,0xFF,0xFF,0xFF,0xA1,0x00,
  0x00,0x00,0x03,0xDF,0xFE,0xA6,0x55,0x6A,0xEF,0xFE,0x40,0x00,0x00,0x1D,0xFF,0xA1,0x00,0x00,0x00,0x18,0xFF,0xE3,0x00,0x00,
  0xBF,0xF9,0x03,0xCE,0xC4,0xCF,0xF0,0x6F,0xFC,0x00,0x03,0xFF,0xC0,0x2E,0xFF,0xFF,0xEF,0xF0,0x0B,0xFF,0x40,0x09,0xFF,0x50,
  0x9F,0xFB,0x5B,0xFF,0xF0,0x04,0xFF,0x90,0x0D,0xFF,0x10,0xDF,0xF1,0x01,0xFF,0xF0,0x01,0xFF,0xB0,0x0E,0xFD,0x00,0xFF,0xD0,
  0x00,0xDF,0xF0,0x00,0xFF,0xC0,0x0E,0xFD,0x00,0xEF,0xE0,0x00,0xEF,0xF2,0x02,0xFF,0xA0,0x0D,0xFE,0x00,0xAF,0xF8,0x18,0xFF,
  0xF9,0x19,0xFF,0x60,0x0A,0xFF,0x30,0x3F,0xFF,0xFF,0x9E,0xFF,0xFF,0xFD,0x10,0x05,0xFF,0xA0,0x06,0xEF,0xFB,0x03,0xDF,0xFF,
  0xB2,0x00,0x00,0xCF,0xF5,0x00,0x13,0x20,0x00,0x03,0x42,0x00,0x00,0x00,0x3E,0xFF,0x70,0x00,0x00,0x00,0x01,0x00,0x00,0x00,
  0x00,0x04,0xEF,0xFD,0x73,0x21,0x35,0xAE,0x10,0x00,0x00,0x00,0x00,0x2B,0xFF,0xFF,0xFF,0xFF,0xFF,0x50,0x00,0x00,0x00,0x00,
  0x00,0x38,0xCD,0xFF,0xEB,0x83,0x00,0x00,0x00,0x00,0x00,0x01,0xFF,0xFE,0x10,0x00,0x00,0x00,0x00,0x07,0xFF,0xFF,0x50,0x00,
  0x00,0x00,0x00,0x0C,0xFF,0xFF,0xB0,0x00,0x00,0x00,0x00,0x2F,0xFB,0xCF,0xF1,0x00,0x00,0x00,0x00,0x8F,0xF6,0x7F,0xF6,0x00,
  0x00,0x00,0x00,0xDF,0xF1,0x2F,0xFC,0x00,0x00,0x00,0x03,0xFF,0xB0,0x0C,0xFF,0x20,0x00,0x00,0x09,0xFF,0x60,0x07,0xFF,0x70,
  0x00,0x00,0x0E,0xFF,0x10,0x02,0xFF,0xD0,0x00,0x00,0x5F,0xFD,0x66,0x66,0xEF,0xF3,0x00,0x00,0xAF,0xFF,0xFF,0xFF,0xFF,0xF9,
  0x00,0x01,0xEF,0xFF,0xFF,0xFF,0xFF,0xFE,0x00,0x06,0xFF,0xA0,0x00,0x00,0x0B,0xFF,0x40,0x0B,0xFF,0x40,0x00,0x00,0x05,0xFF,
  0xA0,0x1F,0xFD,0x00,0x00,0x00,0x01,0xEF,0xE1,0x00,0xFF,0xFF,0xFF,0xFE,0xC7,0x10,0x00,0x00,0xFF,0xFF,0xFF,0xFF,0xFF,0xD1,
  0x00,0x00,0xFF,0xD4,0x44,0x46,0xDF,0xF8,0x00,0x00,0xFF,0xC0,0x00,0x00,0x3F,0xFC,0x00,0x00,0xFF,0xC0,0x00,0x00,0x1F,0xFA,
  0x00,0x00,0xFF,0xC0,0x00,0x02,0xAF,0xF3,0x00,0x00,0xFF,0xFF,0xFF,0xFF,0xFA,0x30,0x00,0x00,0xFF,0xFF,0xFF,0xFF,0xFE,0x50,
  0x00,0x00,0xFF,0xD4,0x44,0x46,0xDF,0xF5,0x00,0x00,0xFF,0xC0,0x00,0x00,0x2F,0xFC,0x00,0x00,0xFF,0xC0,0x00,0x00,0x0D,0xFF,
  0x00,0x00,0xFF,0xC0,0x00,0x00,0x2F,0xFD,0x00,0x00,0xFF,0xD4,0x44,0x46,0xDF,0xF8,0x00,0x00,0xFF,0xFF,0xFF,0xFF,0xFF,0xC1,
  0x00,0x00,0xFF,0xFF,0xFF,0xFE,0xC7,0x10,0x00,0x00,0x00,0x17,0xBE,0xFE,0xC7,0x10,0x00,0x00,0x04,0xEF,0xFF,0xFF,0xFF,0xE4,
  0x00,0x00,0x4F,0xFF,0xB6,0x45,0xAF,0xFF,0x30,0x01,0xDF,0xF5,0x00,0x00,0x06,0xFF,0xB0,0x06,0xFF,0x90,0x00,0x00,0x00,0xBF,
  0xF2,0x0B,0xFF,0x20,0x00,0x00,0x00,0x12,0x21,0x0E,0xFE,0x00,0x00,0x00,0x00,0x00,0x00,0x0F,0xFC,0x00,0x00,0x00,0x00,0x00,
  0x00,0x0E,0xFE,0x00,0x00,0x00,0x00,0x00,0x00,0x0B,0xFF,0x20,0x00,0x00,0x00,0x12,0x21,0x06,0xFF,0x90,0x00,0x00,0x00,0xBF,
  0xF2,0x00,0xDF,0xF6,0x00,0x00,0x06,0xFF,0xB0,0x00,0x4F,0xFF,0xB6,0x46,0xAF,0xFF,0x30,0x00,0x04,0xDF,0xFF,0xFF,0xFF,0xE4,
  0x00,0x00,0x00,0x17,0xBE,0xFE,0xC8,0x10,0x00,0x00,0xFF,0xFF,0xFF,0xEB,0x71,0x00,0x00,0x00,0xFF,0xFF,0xFF,0xFF,0xFE,0x40,
  0x00,0x00,0xFF,0xD4,0x44,0x6B,0xFF,0xF4,0x00,0x00,0xFF,0xC0,0x00,0x00,0x6F,0xFD,0x10,0x00,0xFF,0xC0,0x00,0x00,0x0A,0xFF,
  0x60,0x00,0xFF,0xC0,0x00,0x00,0x03,0xFF,0xB0,0x00,0xFF,0xC0,0x00,0x00,0x00,0xEF,0xE0,0x00,0xFF,0xC0,0x00,0x00,0x00,0xDF,
  0xF0,0x00,0xFF,0xC0,0x00,0x00,0x00,0xEF,0xE0,0x00,0xFF,0xC0,0x00,0x00,0x03,0xFF,0xB0,0x00,0xFF,0xC0,0x00,0x00,0x0A,0xFF,
  0x60,0x00,0xFF,0xC0,0x00,0x00,0x6F,0xFD,0x10,0x00,0xFF,0xD4,0x44,0x6B,0xFF,0xF4,0x00,0x00,0xFF,0xFF,0xFF,0xFF,0xFE,0x40,
  0x00,0x00,0xFF,0xFF,0xFF,0xEB,0x71,0x00,0x00,0x00,0xFF,0xFF,0xFF,0xFF,0xFF,0x80,0x00,0xFF,0xFF,0xFF,0xFF,0xFF,0x80,0x00,
  0xFF,0xD4,0x44,0x44,0x44,0x20,0x00,0xFF,0xC0,0x00,0x00,0x00,0x00,0x00,0xFF,0xC0,0x00,0x00,0x00,0x00,0x00,0xFF,0xC0,0x00,
  0x00,0x00,0x00,0x00,0xFF,0xFF,0xFF,0xFF,0xF8,0x00,0x00,0xFF,0xFF,0xFF,0xFF,0xF8,0x00,0x00,0xFF,0xD4,0x44,0x44,0x42,0x00,
  0x00,0xFF,0xC0,0x00,0x00,0x00,0x00,0x00,0xFF,0xC0,0x00,0x00,0x00,0x00,0x00,0xFF,0xC0,0x00,0x00,0x00,0x00,0x00,0xFF,0xD4,
  0x44,0x44,0x44,0x20,0x00,0xFF,0xFF,0xFF,0xFF,0xFF,0x80,0x00,0xFF,0xFF,0xFF,0xFF,0xFF,0x80,0x00,0xFF,0xFF,0xFF,0xFF,0xFF,
  0x80,0x00,0xFF,0xFF,0xFF,0xFF,0xFF,0x80,0x00,0xFF,0xD4,0x44,0x44,0x44,0x20,0x00,0xFF,0xC0,0x00,0x00,0x00,0x00,0x00,0xFF,
  0xC0,0x00,0x00,0x00,0x00,0x00,0xFF,0xC0,0x00,0x00,0x00,0x00,0x00,0xFF,0xD4,0x44,0x44,0x42,0x00,0x00,0xFF,0xFF,0xFF,0xFF,
  0xF8,0x00,0x00,0xFF,0xFF,0xFF,0xFF,0xF8,0x00,0x00,0xFF,0xC0,0x00,0x00,0x00,0x00,0x00,0xFF,0xC0,0x00,0x00,0x00,0x00,0x00,
  0xFF,0xC0,0x00,0x00,0x00,0x00,0x00,0xFF,0xC0,0x00,0x00,0x00,0x00,0x00,0xFF,0xC0,0x00,0x00,0x00,0x00,0x00,0xFF,0xC0,0x00,
  0x00,0x00,0x00,0x00,0x00,0x05,0xAD,0xEF,0xDA,0x50,0x00,0x00,0x00,0x03,0xCF,0xFF,0xFF,0xFF,0xFB,0x10,0x00,0x00,0x3E,0xFF,
  0xC7,0x55,0x7D,0xFF,0xC0,0x00,0x00,0xDF,0xF8,0x00,0x00,0x01,0xCF,0xF6,0x00,0x06,0xFF,0xA0,0x00,0x00,0x00,0x2C,0xC9,0x00,
  0x0B,0xFF,0x30,0x00,0x00,0x00,0x00,0x00,0x00,0x0E,0xFE,0x00,0x00,0x04,0x44,0x44,0x44,0x00,0x0F,0xFD,0x00,0x00,0x0F,0xFF,
  0xFF,0xFF,0x00,0x0E,0xFE,0x00,0x00,0x0F,0xFF,0xFF,0xFE,0x00,0x0B,0xFF,0x30,0x00,0x00,0x00,0x0D,0xFC,0x00,0x06,0xFF,0xA0,
  0x00,0x00,0x00,0x3F,0xF9,0x00,0x00,0xDF,0xF8,0x00,0x00,0x01,0xDF,0xF3,0x00,0x00,0x3E,0xFF,0xD7,0x55,0x8E,0xFF,0x70,0x00,
  0x00,0x03,0xDF,0xFF,0xFF,0xFF,0xF7,0x00,0x00,0x00,0x00,0x06,0xBD,0xFE,0xC8,0x20,0x00,0x00,0x00,0xFF,0xC0,0x00,0x00,0x0C,
  0xFF,0x00,0x00,0xFF,0xC0,0x00,0x00,0x0C,0xFF,0x00,0x00,0xFF,0xC0,0x00,0x00,0x0C,0xFF,0x00,0x00,0xFF,0xC0,0x00,0x00,0x0C,
  0xFF,0x00,0x00,0xFF,0xC0,0x00,0x00,0x0C,0xFF,0x00,0x00,0xFF,0xC0,0x00,0x00,0x0C,0xFF,0x00,0x00,0xFF,0xFF,0xFF,0xFF,0xFF,
  0xFF,0x00,0x00,0xFF,0xFF,0xFF,0xFF,0xFF,0xFF,0x00,0x00,0xFF,0xD4,0x44,0x44,0x4D,0xFF,0x00,0x00,0xFF,0xC0,0x00,0x00,0x0C,
  0xFF,0x00,0x00,0xFF,0xC0,0x00,0x00,0x0C,0xFF,0x00,0x00,0xFF,0xC0,0x00,0x00,0x0C,0xFF,0x00,0x00,0xFF,0xC0,0x00,0x00,0x0C,
  0xFF,0x00,0x00,0xFF,0xC0,0x00,0x00,0x0C,0xFF,0x00,0x00,0xFF,0xC0,0x00,0x00,0x0C,0xFF,0x00,0x00,0xFF,0xC0,0x00,0xFF,0xC0,
  0x00,0xFF,0xC0,0x00,0xFF,0xC0,0x00,0xFF,0xC0,0x00,0xFF,0xC0,0x00,0xFF,0xC0,0x00,0xFF,0xC0,0x00,0xFF,0xC0,0x00,0xFF,0xC0,
  0x00,0xFF,0xC0,0x00,0xFF,0xC0,0x00,0xFF,0xC0,0x00,0xFF,0xC0,0x00,0xFF,0xC0,0x00,0x00,0x00,0xFF,0xC0,0x00,0x00,0x00,0xFF,
  0xC0,0x00,0x00,0x00,0xFF,0xC0,0x00,0x00,0x00,0xFF,0xC0,0x00,0x00,0x00,0xFF,0xC0,0x00,0x00,0x00,0xFF,0xC0,0x00,0x00,0x00,
  0xFF,0xC0,0x00,0x00,0x00,0xFF,0xC0,0x00,0x00,0x00,0xFF,0xC0,0x00,0x00,0x00,0xFF,0xC0,0x00,0x00,0x01,0xFF,0xB0,0x00,0x00,
  0x07,0xFF,0x80,0x05,0x46,0xAF,0xFE,0x20,0x0F,0xFF,0xFF,0xF6,0x00,0x0E,0xFF,0xD9,0x30,0x00,0x00,0xFF,0xC0,0x00,0x00,0xBF,
  0xFC,0x10,0x00,0xFF,0xC0,0x00,0x09,0xFF,0xC1,0x00,0x00,0xFF,0xC0,0x00,0x8F,0xFD,0x10,0x00,0x00,0xFF,0xC0,0x07,0xFF,0xD2,
  0x00,0x00,0x00,0xFF,0xC0,0x6F,0xFE,0x30,0x00,0x00,0x00,0xFF,0xC4,0xFF,0xE3,0x00,0x00,0x00,0x00,0xFF,0xEE,0xFF,0x40,0x00,
  0x00,0x00,0x00,0xFF,0xFF,0xFC,0x10,0x00,0x00,0x00,0x00,0xFF,0xDC,0xFF,0xB0,0x00,0x00,0x00,0x00,0xFF,0xC2,0xDF,0xF9,0x00,
  0x00,0x00,0x00,0xFF,0xC0,0x3E,0xFF,0x80,0x00,0x00,0x00,0xFF,0xC0,0x04,0xFF,0xF6,0x00,0x00,0x00,0xFF,0xC0,0x00,0x5F,0xFF,
  0x50,0x00,0x00,0xFF,0xC0,0x00,0x07,0xFF,0xF4,0x00,0x00,0xFF,0xC0,0x00,0x00,0x9F,0xFE,0x30,0x00,0xFF,0xC0,0x00,0x00,0x00,
  0x00,0x00,0xFF,0xC0,0x00,0x00,0x00,0x00,0x00,0xFF,0xC0,0x00,0x00,0x00,0x00,0x00,0xFF,0xC0,0x00,0x00,0x00,0x00,0x00,0xFF,
  0xC0,0x00,0x00,0x00,0x00,0x00,0xFF,0xC0,0x00,0x00,0x00,0x00,0x00,0xFF,0xC0,0x00,0x00,0x00,0x00,0x00,0xFF,0xC0,0x00,0x00,
  0x00,0x00,0x00,0xFF,0xC0,0x00,0x00,0x00,0x00,0x00,0xFF,0xC0,0x00,0x00,0x00,0x00,0x00,0xFF,0xC0,0x00,0x00,0x00,0x00,0x00,
  0xFF,0xC0,0x00,0x00,0x00,0x00,0x00,0xFF,0xD6,0x66,0x66,0x66,0x30,0x00,0xFF,0xFF,0xFF,0xFF,0xFF,0x80,0x00,0xFF,0xFF,0xFF,
  0xFF,0xFF,0x80,0x00,0xFF,0xFE,0x10,0x00,0x00,0x0E,0xFF,0xF0,0x00,0xFF,0xFF,0x70,0x00,0x00,0x6F,0xFF,0xF0,0x00,0xFF,0xFF,
  0xD0,0x00,0x00,0xDF,0xFF,0xF0,0x00,0xFF,0xFF,0xF5,0x00,0x05,0xFF,0xFF,0xF0,0x00,0xFF,0xDE,0xFC,0x00,0x0C,0xFE,0xDF,0xF0,
  0x00,0xFF,0xC8,0xFF,0x40,0x4F,0xF8,0xCF,0xF0,0x00,0xFF,0xC1,0xFF,0xB0,0xBF,0xF2,0xCF,0xF0,0x00,0xFF,0xC0,0x9F,0xF6,0xFF,
  0x90,0xCF,0xF0,0x00,0xFF,0xC0,0x2F,0xFF,0xFF,0x20,0xCF,0xF0,0x00,0xFF,0xC0,0x0A,0xFF,0xFA,0x00,0xCF,0xF0,0x00,0xFF,0xC0,
  0x03,0xFF,0xF3,0x00,0xCF,0xF0,0x00,0xFF,0xC0,0x00,0x56,0x50,0x00,0xCF,0xF0,0x00,0xFF,0xC0,0x00,0x00,0x00,0x00,0xCF,0xF0,
  0x00,0xFF,0xC0,0x00,0x00,0x00,0x00,0xCF,0xF0,0x00,0xFF,0xC0,0x00,0x00,0x00,0x00,0xCF,0xF0,0x00,0xFF,0xD1,0x00,0x00,0x00,
  0xFF,0xC0,0x00,0xFF,0xFA,0x00,0x00,0x00,0xFF,0xC0,0x00,0xFF,0xFF,0x60,0x00,0x00,0xFF,0xC0,0x00,0xFF,0xFF,0xE3,0x00,0x00,
  0xFF,0xC0,0x00,0xFF,0xFF,0xFC,0x00,0x00,0xFF,0xC0,0x00,0xFF,0xDC,0xFF,0x90,0x00,0xFF,0xC0,0x00,0xFF,0xC2,0xEF,0xF5,0x00,
  0xFF,0xC0,0x00,0xFF,0xC0,0x5F,0xFE,0x20,0xFF,0xC0,0x00,0xFF,0xC0,0x09,0xFF,0xB0,0xFF,0xC0,0x00,0xFF,0xC0,0x00,0xCF,0xF8,
  0xFF,0xC0,0x00,0xFF,0xC0,0x00,0x2E,0xFF,0xFF,0xC0,0x00,0xFF,0xC0,0x00,0x05,0xFF,0xFF,0xC0,0x00,0xFF,0xC0,0x00,0x00,0x9F,
  0xFF,0xC0,0x00,0xFF,0xC0,0x00,0x00,0x1D,0xFF,0xC0,0x00,0xFF,0xC0,0x00,0x00,0x03,0xEF,0xC0,0x00,0x00,0x05,0xAD,0xEE,0xD9,
  0x40,0x00,0x00,0x00,0x02,0xCF,0xFF,0xFF,0xFF,0xFB,0x10,0x00,0x00,0x2E,0xFF,0xD7,0x55,0x8E,0xFF,0xD1,0x00,0x00,0xCF,0xF8,
  0x00,0x00,0x01,0xBF,0xFA,0x00,0x06,0xFF,0xA0,0x00,0x00,0x00,0x1D,0xFF,0x30,0x0B,0xFF,0x30,0x00,0x00,0x00,0x06,0xFF,0x80,
  0x0E,0xFE,0x00,0x00,0x00,0x00,0x02,0xFF,0xB0,0x0F,0xFD,0x00,0x00,0x00,0x00,0x00,0xFF,0xC0,0x0E,0xFE,0x00,0x00,0x00,0x00,
  0x02,0xFF,0xB0,0x0B,0xFF,0x30,0x00,0x00,0x00,0x06,0xFF,0x80,0x05,0xFF,0xA0,0x00,0x00,0x00,0x1D,0xFF,0x30,0x00,0xCF,0xF8,
  0x00,0x00,0x01,0xBF,0xFA,0x00,0x00,0x2E,0xFF,0xC7,0x55,0x8E,0xFF,0xD1,0x00,0x00,0x02,0xCF,0xFF,0xFF,0xFF,0xFB,0x10,0x00,
  0x00,0x00,0x05,0xAD,0xEE,0xD9,0x40,0x00,0x00,0x00,0xFF,0xFF,0xFF,0xED,0x92,0x00,0x00,0xFF,0xFF,0xFF,0xFF,0xFE,0x50,0x00,
  0xFF,0xD4,0x44,0x59,0xFF,0xE2,0x00,0xFF,0xC0,0x00,0x00,0x7F,0xF8,0x00,0xFF,0xC0,0x00,0x00,0x1F,0xFB,0x00,0xFF,0xC0,0x00,
  0x00,0x1F,0xFB,0x00,0xFF,0xC0,0x00,0x00,0x7F,0xF8,0x00,0xFF,0xD4,0x44,0x59,0xFF,0xE2,0x00,0xFF,0xFF,0xFF,0xFF,0xFE,0x40,
  0x00,0xFF,0xFF,0xFF,0xED,0x92,0x00,0x00,0xFF,0xC0,0x00,0x00,0x00,0x00,0x00,0xFF,0xC0,0x00,0x00,0x00,0x00,0x00,0xFF,0xC0,
  0x00,0x00,0x00,0x00,0x00,0xFF,0xC0,0x00,0x00,0x00,0x00,0x00,0xFF,0xC0,0x00,0x00,0x00,0x00,0x00,0x00,0x05,0xAD,0xEE,0xD9,
  0x40,0x00,0x00,0x00,0x02,0xCF,0xFF,0xFF,0xFF,0xFA,0x10,0x00,0x00,0x2E,0xFF,0xD7,0x55,0x8E,0xFF,0xC1,0x00,0x00,0xCF,0xF8,
  0x00,0x00,0x01,0xBF,0xFA,0x00,0x06,0xFF,0xA0,0x00,0x00,0x00,0x1D,0xFF,0x20,0x0B,0xFF,0x30,0x00,0x00,0x00,0x06,0xFF,0x80,
  0x0E,0xFE,0x00,0x00,0x00,0x00,0x02,0xFF,0xB0,0x0F,0xFD,0x00,0x00,0x00,0x00,0x00,0xFF,0xC0,0x0E,0xFE,0x00,0x00,0x01,0x81,
  0x02,0xFF,0xB0,0x0A,0xFF,0x30,0x00,0x1D,0xFC,0x16,0xFF,0x80,0x05,0xFF,0xB0,0x00,0x08,0xFF,0xCD,0xFF,0x40,0x00,0xCF,0xF8,
  0x00,0x00,0x8F,0xFF,0xFC,0x00,0x00,0x2E,0xFF,0xD7,0x55,0x8F,0xFF,0xF3,0x00,0x00,0x02,0xCF,0xFF,0xFF,0xFF,0xFF,0xFB,0x00,
  0x00,0x00,0x05,0xAD,0xEE,0xDA,0x56,0xFF,0xA0,0x00,0xFF,0xFF,0xFF,0xEC,0x60,0x00,0x00,0x00,0xFF,0xFF,0xFF,0xFF,0xFB,0x00,
  0x00,0x00,0xFF,0xD4,0x44,0x6D,0xFF,0x80,0x00,0x00,0xFF,0xC0,0x00,0x02,0xFF,0xD0,0x00,0x00,0xFF,0xC0,0x00,0x00,0xDF,0xF0,
  0x00,0x00,0xFF,0xC0,0x00,0x02,0xFF,0xD0,0x00,0x00,0xFF,0xD4,0x44,0x6D,0xFF,0x70,0x00,0x00,0xFF,0xFF,0xFF,0xFF,0xFB,0x00,
  0x00,0x00,0xFF,0xFF,0xFF,0xFF,0x60,0x00,0x00,0x00,0xFF,0xC0,0x09,0xFF,0x60,0x00,0x00,0x00,0xFF,0xC0,0x01,0xEF,0xE1,0x00,
  0x00,0x00,0xFF,0xC0,0x00,0x8F,0xF8,0x00,0x00,0x00,0xFF,0xC0,0x00,0x1E,0xFE,0x20,0x00,0x00,0xFF,0xC0,0x00,0x07,0xFF,0x90,
  0x00,0x00,0xFF,0xC0,0x00,0x00,0xDF,0xF3,0x00,0x00,0x05,0xBE,0xFE,0xC7,0x00,0x00,0x01,0xBF,0xFF,0xFF,0xFF,0xC1,0x00,0x08,
  0xFF,0xD6,0x46,0xCF,0xFA,0x00,0x0D,0xFE,0x10,0x00,0x0C,0xFF,0x20,0x0E,0xFE,0x00,0x00,0x02,0x44,0x10,0x0C,0xFF,0xB4,0x10,
  0x00,0x00,0x00,0x04,0xEF,0xFF,0xFD,0x94,0x00,0x00,0x00,0x3A,0xFF,0xFF,0xFF,0xD4,0x00,0x00,0x00,0x15,0x8B,0xFF,0xFF,0x30,
  0x00,0x00,0x00,0x00,0x19,0xFF,0xA0,0x3A,0xA7,0x00,0x00,0x01,0xFF,0xC0,0x1E,0xFE,0x30,0x00,0x04,0xFF,0xA0,0x07,0xFF,0xE8,
  0x55,0x8E,0xFF,0x40,0x00,0xAF,0xFF,0xFF,0xFF,0xF7,0x00,0x00,0x04,0xAD,0xFE,0xD9,0x30,0x00,0x0F,0xFF,0xFF,0xFF,0xFF,0xFF,
  0xF0,0x0F,0xFF,0xFF,0xFF,0xFF,0xFF,0xF0,0x04,0x44,0x44,0xFF,0xD4,0x44,0x40,0x00,0x00,0x00,0xFF,0xC0,0x00,0x00,0x00,0x00,
  0x00,0xFF,0xC0,0x00,0x00,0x00,0x00,0x00,0xFF,0xC0,0x00,0x00,0x00,0x00,0x00,0xFF,0xC0,0x00,0x00,0x00,0x00,0x00,0xFF,0xC0,
  0x00,0x00,0x00,0x00,0x00,0xFF,0xC0,0x00,0x00,0x00,0x00,0x00,0xFF,0xC0,0x00,0x00,0x00,0x00,0x00,0xFF,0xC0,0x00,0x00,0x00,
  0x00,0x00,0xFF,0xC0,0x00,0x00,0x00,0x00,0x00,0xFF,0xC0,0x00,0x00,0x00,0x00,0x00,0xFF,0xC0,0x00,0x00,0x00,0x00,0x00,0xFF,
  0xC0,0x00,0x00,0x00,0xFF,0xC0,0x00,0x00,0x0C,0xFF,0x00,0x00,0xFF,0xC0,0x00,0x00,0x0C,0xFF,0x00,0x00,0xFF,0xC0,0x00,0x00,
  0x0C,0xFF,0x00,0x00,0xFF,0xC0,0x00,0x00,0x0C,0xFF,0x00,0x00,0xFF,0xC0,0x00,0x00,0x0C,0xFF,0x00,0x00,0xFF,0xC0,0x00,0x00,
  0x0C,0xFF,0x00,0x00,0xFF,0xC0,0x00,0x00,0x0C,0xFF,0x00,0x00,0xFF,0xC0,0x00,0x00,0x0C,0xFF,0x00,0x00,0xFF,0xC0,0x00,0x00,
  0x0C,0xFF,0x00,0x00,0xFF,0xD0,0x00,0x00,0x0D,0xFF,0x00,0x00,0xDF,0xE0,0x00,0x00,0x0E,0xFD,0x00,0x00,0x9F,0xF7,0x00,0x00,
  0x7F,0xF9,0x00,0x00,0x2E,0xFF,0x95,0x59,0xFF,0xE2,0x00,0x00,0x05,0xEF,0xFF,0xFF,0xFE,0x50,0x00,0x00,0x00,0x28,0xDE,0xED,
  0x82,0x00,0x00,0x5F,0xF9,0x00,0x00,0x00,0x04,0xFF,0xB0,0x1E,0xFE,0x00,0x00,0x00,0x09,0xFF,0x60,0x0A,0xFF,0x50,0x00,0x00,
  0x0E,0xFE,0x10,0x04,0xFF,0xA0,0x00,0x00,0x4F,0xFA,0x00,0x00,0xEF,0xE1,0x00,0x00,0xAF,0xF4,0x00,0x00,0x9F,0xF5,0x00,0x01,
  0xEF,0xE0,0x00,0x00,0x3F,0xFB,0x00,0x05,0xFF,0x90,0x00,0x00,0x0D,0xFF,0x10,0x0A,0xFF,0x30,0x00,0x00,0x08,0xFF,0x60,0x1F,
  0xFD,0x00,0x00,0x00,0x02,0xFF,0xB0,0x6F,0xF8,0x00,0x00,0x00,0x00,0xCF,0xF2,0xBF,0xF2,0x00,0x00,0x00,0x00,0x7F,0xF8,0xFF,
  0xC0,0x00,0x00,0x00,0x00,0x1F,0xFF,0xFF,0x60,0x00,0x00,0x00,0x00,0x0B,0xFF,0xFF,0x10,0x00,0x00,0x00,0x00,0x06,0xFF,0xFB,
  0x00,0x00,0x00,0x3F,0xFA,0x00,0x00,0x0A,0xFF,0x80,0x00,0x00,0xDF,0xF1,0x0E,0xFE,0x00,0x00,0x0E,0xFF,0xC0,0x00,0x01,0xFF,
  0xB0,0x0A,0xFF,0x30,0x00,0x3F,0xFF,0xF1,0x00,0x05,0xFF,0x70,0x06,0xFF,0x70,0x00,0x7F,0xFF,0xF5,0x00,0x09,0xFF,0x30,0x02,
  0xFF,0xA0,0x00,0xBF,0xFF,0xF9,0x00,0x0D,0xFE,0x00,0x00,0xDF,0xE0,0x01,0xFF,0xBD,0xFD,0x00,0x2F,0xFA,0x00,0x00,0x9F,0xF3,
  0x04,0xFF,0x79,0xFF,0x20,0x6F,0xF6,0x00,0x00,0x5F,0xF7,0x08,0xFF,0x35,0xFF,0x60,0xAF,0xF3,0x00,0x00,0x1F,0xFB,0x0C,0xFE,
  0x01,0xFF,0xA0,0xEF,0xE0,0x00,0x00,0x0C,0xFE,0x2F,0xFA,0x00,0xCF,0xE2,0xFF,0xA0,0x00,0x00,0x08,0xFF,0x9F,0xF6,0x00,0x8F,
  0xF9,0xFF,0x60,0x00,0x00,0x04,0xFF,0xFF,0xF2,0x00,0x4F,0xFF,0xFF,0x20,0x00,0x00,0x01,0xFF,0xFF,0xD0,0x00,0x1F,0xFF,0xFD,
  0x00,0x00,0x00,0x00,0xBF,0xFF,0x90,0x00,0x0B,0xFF,0xF9,0x00,0x00,0x00,0x00,0x7F,0xFF,0x50,0x00,0x07,0xFF,0xF5,0x00,0x00,
  0x09,0xFF,0xC0,0x00,0x00,0x1E,0xFF,0x60,0x01,0xDF,0xF6,0x00,0x00,0x9F,0xFB,0x00,0x00,0x5F,0xFE,0x10,0x04,0xFF,0xE2,0x00,
  0x00,0x0A,0xFF,0xA0,0x0D,0xFF,0x60,0x00,0x00,0x01,0xEF,0xF4,0x8F,0xFC,0x00,0x00,0x00,0x00,0x5F,0xFD,0xFF,0xF2,0x00,0x00,
  0x00,0x00,0x0B,0xFF,0xFF,0x70,0x00,0x00,0x00,0x00,0x03,0xFF,0xFE,0x00,0x00,0x00,0x00,0x00,0x0B,0xFF,0xFF,0x70,0x00,0x00,
  0x00,0x00,0x5F,0xFD,0xFF,0xF2,0x00,0x00,0x00,0x01,0xEF,0xF4,0x8F,0xFC,0x00,0x00,0x00,0x0A,0xFF,0xA0,0x0D,0xFF,0x70,0x00,
  0x00,0x5F,0xFE,0x10,0x04,0xFF,0xE2,0x00,0x01,0xDF,0xF6,0x00,0x00,0x9F,0xFB,0x00,0x09,0xFF,0xC0,0x00,0x00,0x1E,0xFF,0x60,
  0x3F,0xFD,0x00,0x00,0x00,0x2F,0xFE,0x10,0x09,0xFF,0x70,0x00,0x00,0xAF,0xF6,0x00,0x02,0xEF,0xE1,0x00,0x03,0xFF,0xD0,0x00,
  0x00,0x8F,0xF8,0x00,0x0B,0xFF,0x50,0x00,0x00,0x1E,0xFE,0x10,0x4F,0xFB,0x00,0x00,0x00,0x06,0xFF,0x90,0xCF,0xF3,0x00,0x00,
  0x00,0x00,0xCF,0xF7,0xFF,0xA0,0x00,0x00,0x00,0x00,0x4F,0xFF,0xFF,0x20,0x00,0x00,0x00,0x00,0x0B,0xFF,0xF8,0x00,0x00,0x00,
  0x00,0x00,0x03,0xFF,0xE1,0x00,0x00,0x00,0x00,0x00,0x00,0xFF,0xC0,0x00,0x00,0x00,0x00,0x00,0x00,0xFF,0xC0,0x00,0x00,0x00,
  0x00,0x00,0x00,0xFF,0xC0,0x00,0x00,0x00,0x00,0x00,0x00,0xFF,0xC0,0x00,0x00,0x00,0x00,0x00,0x00,0xFF,0xC0,0x00,0x00,0x00,
  0x0F,0xFF,0xFF,0xFF,0xFF,0xFF,0xF0,0x0F,0xFF,0xFF,0xFF,0xFF,0xFF,0xF0,0x04,0x44,0x44,0x44,0x5E,0xFF,0x80,0x00,0x00,0x00,
  0x00,0xAF,0xFB,0x00,0x00,0x00,0x00,0x07,0xFF,0xE1,0x00,0x00,0x00,0x00,0x3F,0xFF,0x40,0x00,0x00,0x00,0x01,0xDF,0xF7,0x00,
  0x00,0x00,0x00,0x0B,0xFF,0xB0,0x00,0x00,0x00,0x00,0x7F,0xFD,0x10,0x00,0x00,0x00,0x04,0xFF,0xF3,0x00,0x00,0x00,0x00,0x1E,
  0xFF,0x60,0x00,0x00,0x00,0x00,0xBF,0xFA,0x00,0x00,0x00,0x00,0x08,0xFF,0xE5,0x44,0x44,0x44,0x40,0x0F,0xFF,0xFF,0xFF,0xFF,
  0xFF,0xF0,0x0F,0xFF,0xFF,0xFF,0xFF,0xFF,0xF0,0x00,0x44,0x44,0x44,0x40,0x00,0xFF,0xFF,0xFF,0xF0,0x00,0xFF,0xFF,0xFF,0xF0,
  0x00,0xFF,0xC0,0x00,0x00,0x00,0xFF,0xC0,0x00,0x00,0x00,0xFF,0xC0,0x00,0x00,0x00,0xFF,0xC0,0x00,0x00,0x00,0xFF,0xC0,0x00,
  0x00,0x00,0xFF,0xC0,0x00,0x00,0x00,0xFF,0xC0,0x00,0x00,0x00,0xFF,0xC0,0x00,0x00,0x00,0xFF,0xC0,0x00,0x00,0x00,0xFF,0xC0,
  0x00,0x00,0x00,0xFF,0xC0,0x00,0x00,0x00,0xFF,0xC0,0x00,0x00,0x00,0xFF,0xC0,0x00,0x00,0x00,0xFF,0xC0,0x00,0x00,0x00,0xFF,
  0xC0,0x00,0x00,0x00,0xFF,0xC0,0x00,0x00,0x00,0xFF,0xD4,0x44,0x40,0x00,0xFF,0xFF,0xFF,0xF0,0x00,0xFF,0xFF,0xFF,0xF0,0x58,
  0x60,0x00,0x00,0x00,0x00,0x7F,0xF2,0x00,0x00,0x00,0x00,0x1F,0xF7,0x00,0x00,0x00,0x00,0x0B,0xFC,0x00,0x00,0x00,0x00,0x06,
  0xFF,0x30,0x00,0x00,0x00,0x01,0xEF,0x80,0x00,0x00,0x00,0x00,0xAF,0xD0,0x00,0x00,0x00,0x00,0x5F,0xF4,0x00,0x00,0x00,0x00,
  0x0E,0xF9,0x00,0x00,0x00,0x00,0x09,0xFE,0x00,0x00,0x00,0x00,0x03,0xFF,0x50,0x00,0x00,0x00,0x00,0xDF,0xA0,0x00,0x00,0x00,
  0x00,0x8F,0xF1,0x00,0x00,0x00,0x00,0x2F,0xF6,0x00,0x00,0x00,0x00,0x0C,0xFB,0x00,0x00,0x00,0x00,0x07,0xFF,0x20,0x00,0x00,
  0x00,0x02,0xFF,0x70,0x00,0x00,0x00,0x00,0xBF,0xC0,0x00,0x00,0x00,0x00,0x6F,0xF3,0x00,0x00,0x00,0x00,0x1F,0xF8,0x00,0x00,
  0x00,0x00,0x0A,0xFD,0x00,0x00,0x44,0x44,0x44,0x30,0x00,0xFF,0xFF,0xFF,0xC0,0x00,0xFF,0xFF,0xFF,0xC0,0x00,0x00,0x00,0xFF,
  0xC0,0x00,0x00,0x00,0xFF,0xC0,0x00,0x00,0x00,0xFF,0xC0,0x00,0x00,0x00,0xFF,0xC0,0x00,0x00,0x00,0xFF,0xC0,0x00,0x00,0x00,
  0xFF,0xC0,0x00,0x00,0x00,0xFF,0xC0,0x00,0x00,0x00,0xFF,0xC0,0x00,0x00,0x00,0xFF,0xC0,0x00,0x00,0x00,0xFF,0xC0,0x00,0x00,
  0x00,0xFF,0xC0,0x00,0x00,0x00,0xFF,0xC0,0x00,0x00,0x00,0xFF,0xC0,0x00,0x00,0x00,0xFF,0xC0,0x00,0x00,0x00,0xFF,0xC0,0x00,
  0x00,0x00,0xFF,0xC0,0x00,0x44,0x44,0xFF,0xC0,0x00,0xFF,0xFF,0xFF,0xC0,0x00,0xFF,0xFF,0xFF,0xC0,0x00,0x00,0x17,0x84,0x00,
  0x00,0x00,0x00,0xAF,0xFE,0x30,0x00,0x00,0x06,0xFC,0x5F,0xD1,0x00,0x00,0x3F,0xE2,0x09,0xFA,0x00,0x00,0x00,0x00,0x00,0x00,
  0x00,0x00,0x00,0x00,0x00,0x00,0x00,0x00,0x00,0x00,0x00,0x00,0x00,0x00,0x00,0x00,0x00,0x00,0x00,0x00,0x00,0x00,0x00,0x00,
  0x00,0x00,0x00,0x00,0x00,0x00,0x00,0x00,0x00,0x00,0x00,0x00,0x00,0x00,0x00,0x00,0x00,0x00,0x00,0x00,0x00,0x00,0x00,0x00,
  0x00,0x00,0x00,0x00,0x00,0x00,0x00,0x00,0x00,0x00,0x00,0x00,0x00,0x00,0x44,0x44,0x44,0x44,0x44,0x00,0x00,0x00,0xFF,0xFF,
  0xFF,0xFF,0xFF,0x00,0x00,0x00,0xFF,0xFF,0xFF,0xFF,0xFF,0x00,0x00,0x3F,0xF6,0x00,0x0A,0xFC,0x00,0x02,0xFF,0x40,0x00,0x8F,
  0xA0,0x00,0x00,0x00,0x00,0x00,0x00,0x00,0x00,0x00,0x00,0x00,0x00,0x00,0x00,0x00,0x00,0x00,0x00,0x00,0x00,0x00,0x00,0x00,
  0x00,0x00,0x00,0x00,0x00,0x00,0x00,0x00,0x00,0x00,0x00,0x00,0x00,0x00,0x06,0xCF,0xE9,0x1C,0xFF,0x00,0x00,0x9F,0xFF,0xFF,
  0xCD,0xFF,0x00,0x04,0xFF,0xF8,0x58,0xFF,0xFF,0x00,0x0A,0xFF,0x60,0x00,0x6F,0xFF,0x00,0x0E,0xFE,0x00,0x00,0x0E,0xFF,0x00,
  0x0F,0xFD,0x00,0x00,0x0D,0xFF,0x00,0x0E,0xFE,0x00,0x00,0x0E,0xFF,0x00,0x0A,0xFF,0x60,0x00,0x6F,0xFF,0x00,0x04,0xFF,0xF7,
  0x57,0xFF,0xFF,0x00,0x00,0x9F,0xFF,0xFF,0xDD,0xFF,0x00,0x00,0x06,0xCF,0xEA,0x1C,0xFF,0x00,0x00,0xFF,0xC0,0x00,0x00,0x00,
  0x00,0x00,0xFF,0xC0,0x00,0x00,0x00,0x00,0x00,0xFF,0xC0,0x00,0x00,0x00,0x00,0x00,0xFF,0xC0,0x00,0x00,0x00,0x00,0x00,0xFF,
  0xC1,0x9E,0xFC,0x60,0x00,0x00,0xFF,0xDC,0xFF,0xFF,0xF9,0x00,0x00,0xFF,0xFF,0x85,0x8F,0xFF,0x40,0x00,0xFF,0xF6,0x00,0x06,
  0xFF,0xA0,0x00,0xFF,0xE0,0x00,0x00,0xEF,0xE0,0x00,0xFF,0xD0,0x00,0x00,0xDF,0xF0,0x00,0xFF,0xE0,0x00,0x00,0xEF,0xE0,0x00,
  0xFF,0xF6,0x00,0x06,0xFF,0xA0,0x00,0xFF,0xFF,0x74,0x7F,0xFF,0x40,0x00,0xFF,0xDC,0xFF,0xFF,0xF9,0x00,0x00,0xFF,0xC1,0x9E,
  0xFC,0x60,0x00,0x00,0x02,0x9D,0xFE,0xB6,0x00,0x00,0x00,0x5F,0xFF,0xFF,0xFF,0x90,0x00,0x03,0xFF,0xF8,0x55,0xCF,0xF5,0x00,
  0x09,0xFF,0x60,0x00,0x1E,0xFB,0x00,0x0D,0xFE,0x00,0x00,0x00,0x00,0x00,0x0F,0xFD,0x00,0x00,0x00,0x00,0x00,0x0D,0xFE,0x00,
  0x00,0x00,0x00,0x00,0x09,0xFF,0x60,0x00,0x1E,0xFB,0x00,0x03,0xFF,0xF8,0x55,0xCF,0xF5,0x00,0x00,0x5F,0xFF,0xFF,0xFF,0xA0,
  0x00,0x00,0x02,0x9D,0xFE,0xB6,0x00,0x00,0x00,0x00,0x00,0x00,0x0C,0xFF,0x00,0x00,0x00,0x00,0x00,0x0C,0xFF,0x00,0x00,0x00,
  0x00,0x00,0x0C,0xFF,0x00,0x00,0x00,0x00,0x00,0x0C,0xFF,0x00,0x00,0x06,0xCE,0xEA,0x2C,0xFF,0x00,0x00,0x8F,0xFF,0xFF,0xDD,
  0xFF,0x00,0x04,0xFF,0xF8,0x58,0xFF,0xFF,0x00,0x0A,0xFF,0x60,0x00,0x6F,0xFF,0x00,0x0E,0xFE,0x00,0x00,0x0E,0xFF,0x00,0x0F,
  0xFD,0x00,0x00,0x0D,0xFF,0x00,0x0E,0xFE,0x00,0x00,0x0E,0xFF,0x00,0x0A,0xFF,0x60,0x00,0x6F,0xFF,0x00,0x04,0xFF,0xF7,0x57,
  0xFF,0xFF,0x00,0x00,0x9F,0xFF,0xFF,0xCD,0xFF,0x00,0x00,0x06,0xCF,0xE9,0x1C,0xFF,0x00,0x00,0x03,0xAE,0xFD,0xA3,0x00,0x00,
  0x00,0x6F,0xFF,0xFF,0xFF,0x50,0x00,0x03,0xFF,0xD6,0x46,0xDF,0xE2,0x00,0x0A,0xFE,0x10,0x00,0x2F,0xF7,0x00,0x0E,0xFF,0xFF,
  0xFF,0xFF,0xFB,0x00,0x0F,0xFF,0xFF,0xFF,0xFF,0xFC,0x00,0x0D,0xFE,0x44,0x44,0x44,0x43,0x00,0x0A,0xFF,0x30,0x00,0x29,0x96,
  0x00,0x03,0xFF,0xE7,0x46,0xDF,0xF4,0x00,0x00,0x6F,0xFF,0xFF,0xFF,0x90,0x00,0x00,0x03,0xAD,0xFE,0xB5,0x00,0x00,0x00,0x00,
  0x8D,0xFD,0x00,0x08,0xFF,0xFF,0x00,0x0D,0xFF,0x64,0x00,0x0F,0xFC,0x00,0x0F,0xFF,0xFF,0xFF,0x0F,0xFF,0xFF,0xFF,0x04,0x4F,
  0xFD,0x44,0x00,0x0F,0xFC,0x00,0x00,0x0F,0xFC,0x00,0x00,0x0F,0xFC,0x00,0x00,0x0F,0xFC,0x00,0x00,0x0F,0xFC,0x00,0x00,0x0F,
  0xFC,0x00,0x00,0x0F,0xFC,0x00,0x00,0x0F,0xFC,0x00,0x00,0x06,0xCF,0xE9,0x1C,0xFF,0x00,0x00,0x9F,0xFF,0xFF,0xCD,0xFF,0x00,
  0x04,0xFF,0xF7,0x57,0xFF,0xFF,0x00,0x0A,0xFF,0x60,0x00,0x6F,0xFF,0x00,0x0E,0xFE,0x00,0x00,0x0E,0xFF,0x00,0x0F,0xFD,0x00,
  0x00,0x0D,0xFF,0x00,0x0E,0xFE,0x00,0x00,0x0E,0xFF,0x00,0x0A,0xFF,0x60,0x00,0x6F,0xFF,0x00,0x04,0xFF,0xF8,0x57,0xFF,0xFF,
  0x00,0x00,0x9F,0xFF,0xFF,0xCD,0xFF,0x00,0x00,0x06,0xCF,0xE9,0x1D,0xFE,0x00,0x03,0x66,0x20,0x00,0x2F,0xFC,0x00,0x04,0xFF,
  0xD6,0x46,0xDF,0xF6,0x00,0x00,0x8F,0xFF,0xFF,0xFF,0xA0,0x00,0x00,0x05,0xBE,0xFE,0xB6,0x00,0x00,0x00,0xFF,0xC0,0x00,0x00,
  0x00,0x00,0x00,0xFF,0xC0,0x00,0x00,0x00,0x00,0x00,0xFF,0xC0,0x00,0x00,0x00,0x00,0x00,0xFF,0xC0,0x00,0x00,0x00,0x00,0x00,
  0xFF,0xC2,0xAE,0xEB,0x30,0x00,0x00,0xFF,0xDC,0xFF,0xFF,0xE2,0x00,0x00,0xFF,0xFC,0x55,0xDF,0xF8,0x00,0x00,0xFF,0xF2,0x00,
  0x3F,0xFB,0x00,0x00,0xFF,0xD0,0x00,0x0F,0xFC,0x00,0x00,0xFF,0xC0,0x00,0x0F,0xFC,0x00,0x00,0xFF,0xC0,0x00,0x0F,0xFC,0x00,
  0x00,0xFF,0xC0,0x00,0x0F,0xFC,0x00,0x00,0xFF,0xC0,0x00,0x0F,0xFC,0x00,0x00,0xFF,0xC0,0x00,0x0F,0xFC,0x00,0x00,0xFF,0xC0,
  0x00,0x0F,0xFC,0x00,0x08,0xE8,0x00,0x0E,0xFE,0x00,0x08,0xE8,0x00,0x00,0x00,0x00,0x0C,0xFF,0x00,0x0C,0xFF,0x00,0x0C,0xFF,
  0x00,0x0C,0xFF,0x00,0x0C,0xFF,0x00,0x0C,0xFF,0x00,0x0C,0xFF,0x00,0x0C,0xFF,0x00,0x0C,0xFF,0x00,0x0C,0xFF,0x00,0x0C,0xFF,
  0x00,0x00,0x08,0xE8,0x00,0x00,0x0E,0xFE,0x00,0x00,0x08,0xE8,0x00,0x00,0x00,0x00,0x00,0x00,0x0C,0xFF,0x00,0x00,0x0C,0xFF,
  0x00,0x00,0x0C,0xFF,0x00,0x00,0x0C,0xFF,0x00,0x00,0x0C,0xFF,0x00,0x00,0x0C,0xFF,0x00,0x00,0x0C,0xFF,0x00,0x00,0x0C,0xFF,
  0x00,0x00,0x0C,0xFF,0x00,0x00,0x0C,0xFF,0x00,0x00,0x0C,0xFF,0x00,0x00,0x0D,0xFE,0x00,0x24,0x8F,0xFC,0x00,0x8F,0xFF,0xF5,
  0x00,0x7F,0xEC,0x50,0x00,0x00,0xFF,0xC0,0x00,0x00,0x00,0x00,0x00,0xFF,0xC0,0x00,0x00,0x00,0x00,0x00,0xFF,0xC0,0x00,0x00,
  0x00,0x00,0x00,0xFF,0xC0,0x00,0x00,0x00,0x00,0x00,0xFF,0xC0,0x00,0xBF,0xF9,0x00,0x00,0xFF,0xC0,0x09,0xFF,0xA0,0x00,0x00,
  0xFF,0xC0,0x8F,0xFB,0x00,0x00,0x00,0xFF,0xC6,0xFF,0xB1,0x00,0x00,0x00,0xFF,0xEF,0xFC,0x10,0x00,0x00,0x00,0xFF,0xFF,0xFC,
  0x00,0x00,0x00,0x00,0xFF,0xCB,0xFF,0x90,0x00,0x00,0x00,0xFF,0xC1,0xDF,0xF6,0x00,0x00,0x00,0xFF,0xC0,0x3E,0xFF,0x30,0x00,
  0x00,0xFF,0xC0,0x05,0xFF,0xD1,0x00,0x00,0xFF,0xC0,0x00,0x8F,0xFB,0x00,0x00,0xFF,0xC0,0x00,0xFF,0xC0,0x00,0xFF,0xC0,0x00,
  0xFF,0xC0,0x00,0xFF,0xC0,0x00,0xFF,0xC0,0x00,0xFF,0xC0,0x00,0xFF,0xC0,0x00,0xFF,0xC0,0x00,0xFF,0xC0,0x00,0xFF,0xC0,0x00,
  0xFF,0xC0,0x00,0xFF,0xC0,0x00,0xFF,0xC0,0x00,0xFF,0xC0,0x0F,0xFC,0x2A,0xEE,0xB3,0x02,0xAE,0xEB,0x30,0x00,0x0F,0xFD,0xDF,
  0xFF,0xFE,0x4E,0xFF,0xFF,0xF2,0x00,0x0F,0xFF,0xD5,0x5D,0xFF,0xFC,0x55,0xDF,0xF9,0x00,0x0F,0xFF,0x20,0x03,0xFF,0xF2,0x00,
  0x3F,0xFC,0x00,0x0F,0xFD,0x00,0x00,0xFF,0xD0,0x00,0x0F,0xFC,0x00,0x0F,0xFC,0x00,0x00,0xFF,0xC0,0x00,0x0F,0xFC,0x00,0x0F,
  0xFC,0x00,0x00,0xFF,0xC0,0x00,0x0F,0xFC,0x00,0x0F,0xFC,0x00,0x00,0xFF,0xC0,0x00,0x0F,0xFC,0x00,0x0F,0xFC,0x00,0x00,0xFF,
  0xC0,0x00,0x0F,0xFC,0x00,0x0F,0xFC,0x00,0x00,0xFF,0xC0,0x00,0x0F,0xFC,0x00,0x0F,0xFC,0x00,0x00,0xFF,0xC0,0x00,0x0F,0xFC,
  0x00,0x0F,0xFC,0x2A,0xEE,0xB3,0x00,0x0F,0xFD,0xDF,0xFF,0xFE,0x20,0x0F,0xFF,0xC5,0x5D,0xFF,0x80,0x0F,0xFF,0x20,0x03,0xFF,
  0xB0,0x0F,0xFD,0x00,0x00,0xFF,0xC0,0x0F,0xFC,0x00,0x00,0xFF,0xC0,0x0F,0xFC,0x00,0x00,0xFF,0xC0,0x0F,0xFC,0x00,0x00,0xFF,
  0xC0,0x0F,0xFC,0x00,0x00,0xFF,0xC0,0x0F,0xFC,0x00,0x00,0xFF,0xC0,0x0F,0xFC,0x00,0x00,0xFF,0xC0,0x00,0x02,0x8D,0xEE,0xC7,
  0x10,0x00,0x00,0x4E,0xFF,0xFF,0xFF,0xD2,0x00,0x02,0xEF,0xF9,0x55,0xBF,0xFD,0x10,0x09,0xFF,0x70,0x00,0x0A,0xFF,0x60,0x0D,
  0xFE,0x00,0x00,0x02,0xFF,0xA0,0x0F,0xFD,0x00,0x00,0x00,0xFF,0xC0,0x0D,0xFE,0x00,0x00,0x02,0xFF,0xA0,0x09,0xFF,0x70,0x00,
  0x0A,0xFF,0x60,0x02,0xEF,0xF9,0x55,0xBF,0xFD,0x10,0x00,0x4E,0xFF,0xFF,0xFF,0xD2,0x00,0x00,0x02,0x8D,0xEE,0xC7,0x10,0x00,
  0x00,0xFF,0xC1,0xAE,0xFC,0x60,0x00,0x00,0xFF,0xDD,0xFF,0xFF,0xF9,0x00,0x00,0xFF,0xFF,0x85,0x8F,0xFF,0x40,0x00,0xFF,0xF6,
  0x00,0x06,0xFF,0xA0,0x00,0xFF,0xE0,0x00,0x00,0xEF,0xE0,0x00,0xFF,0xD0,0x00,0x00,0xDF,0xF0,0x00,0xFF,0xE0,0x00,0x00,0xEF,
  0xE0,0x00,0xFF,0xF6,0x00,0x06,0xFF,0xA0,0x00,0xFF,0xFF,0x74,0x7F,0xFF,0x40,0x00,0xFF,0xDD,0xFF,0xFF,0xF9,0x00,0x00,0xFF,
  0xC2,0xAE,0xEC,0x60,0x00,0x00,0xFF,0xC0,0x00,0x00,0x00,0x00,0x00,0xFF,0xC0,0x00,0x00,0x00,0x00,0x00,0xFF,0xC0,0x00,0x00,
  0x00,0x00,0x00,0xFF,0xC0,0x00,0x00,0x00,0x00,0x00,0x06,0xCF,0xE9,0x1C,0xFF,0x00,0x00,0x9F,0xFF,0xFF,0xCD,0xFF,0x00,0x04,
  0xFF,0xF8,0x58,0xFF,0xFF,0x00,0x0A,0xFF,0x60,0x00,0x6F,0xFF,0x00,0x0E,0xFE,0x00,0x00,0x0E,0xFF,0x00,0x0F,0xFD,0x00,0x00,
  0x0D,0xFF,0x00,0x0E,0xFE,0x00,0x00,0x0E,0xFF,0x00,0x0A,0xFF,0x60,0x00,0x6F,0xFF,0x00,0x04,0xFF,0xF7,0x57,0xFF,0xFF,0x00,
  0x00,0x9F,0xFF,0xFF,0xCD,0xFF,0x00,0x00,0x06,0xCF,0xE9,0x1C,0xFF,0x00,0x00,0x00,0x00,0x00,0x0C,0xFF,0x00,0x00,0x00,0x00,
  0x00,0x0C,0xFF,0x00,0x00,0x00,0x00,0x00,0x0C,0xFF,0x00,0x00,0x00,0x00,0x00,0x0C,0xFF,0x00,0x0F,0xFC,0x4C,0xEE,0x00,0x0F,
  0xFE,0xFF,0xFF,0x00,0x0F,0xFF,0xF8,0x55,0x00,0x0F,0xFF,0x50,0x00,0x00,0x0F,0xFE,0x00,0x00,0x00,0x0F,0xFC,0x00,0x00,0x00,
  0x0F,0xFC,0x00,0x00,0x00,0x0F,0xFC,0x00,0x00,0x00,0x0F,0xFC,0x00,0x00,0x00,0x0F,0xFC,0x00,0x00,0x00,0x0F,0xFC,0x00,0x00,
  0x00,0x00,0x5B,0xEF,0xC6,0x00,0x00,0x06,0xFF,0xFF,0xFF,0x90,0x00,0x0D,0xFF,0x75,0xBF,0xF3,0x00,0x0E,0xFD,0x00,0x16,0x63,
  0x00,0x09,0xFF,0xD9,0x51,0x00,0x00,0x00,0x8E,0xFF,0xFF,0xA1,0x00,0x00,0x00,0x36,0xBF,0xFA,0x00,0x08,0x98,0x00,0x0D,0xFE,
  0x00,0x09,0xFF,0x94,0x7F,0xFD,0x00,0x01,0xDF,0xFF,0xFF,0xF6,0x00,0x00,0x19,0xDF,0xEB,0x40,0x00,0x00,0x08,0x86,0x00,0x00,
  0x00,0x0F,0xFC,0x00,0x00,0x00,0x0F,0xFC,0x00,0x00,0x0F,0xFF,0xFF,0xFF,0x00,0x0F,0xFF,0xFF,0xFF,0x00,0x04,0x4F,0xFD,0x44,
  0x00,0x00,0x0F,0xFC,0x00,0x00,0x00,0x0F,0xFC,0x00,0x00,0x00,0x0F,0xFC,0x00,0x00,0x00,0x0F,0xFC,0x00,0x00,0x00,0x0F,0xFD,
  0x00,0x00,0x00,0x0D,0xFF,0x73,0x20,0x00,0x06,0xFF,0xFF,0x80,0x00,0x00,0x7D,0xFE,0x60,0x0F,0xFC,0x00,0x00,0xFF,0xC0,0x0F,
  0xFC,0x00,0x00,0xFF,0xC0,0x0F,0xFC,0x00,0x00,0xFF,0xC0,0x0F,0xFC,0x00,0x00,0xFF,0xC0,0x0F,0xFC,0x00,0x00,0xFF,0xC0,0x0F,
  0xFC,0x00,0x00,0xFF,0xC0,0x0F,0xFC,0x00,0x01,0xFF,0xC0,0x0E,0xFE,0x00,0x05,0xFF,0xC0,0x0C,0xFF,0xA4,0x6E,0xFF,0xC0,0x05,
  0xFF,0xFF,0xFA,0xFF,0xC0,0x00,0x6D,0xFE,0x80,0xFF,0xC0,0x4F,0xF9,0x00,0x00,0x3F,0xF9,0x0D,0xFE,0x00,0x00,0x9F,0xF3,0x07,
  0xFF,0x40,0x00,0xEF,0xD0,0x02,0xFF,0xA0,0x04,0xFF,0x70,0x00,0xBF,0xE1,0x0A,0xFF,0x10,0x00,0x6F,0xF5,0x1E,0xFB,0x00,0x00,
  0x1E,0xFB,0x5F,0xF5,0x00,0x00,0x09,0xFF,0xCF,0xE0,0x00,0x00,0x04,0xFF,0xFF,0x90,0x00,0x00,0x00,0xDF,0xFF,0x30,0x00,0x00,
  0x00,0x7F,0xFC,0x00,0x00,0x4F,0xF8,0x00,0x03,0xFF,0xA0,0x00,0x1F,0xFB,0x0E,0xFC,0x00,0x08,0xFF,0xE0,0x00,0x5F,0xF6,0x0A,
  0xFF,0x10,0x0C,0xFF,0xF4,0x00,0xAF,0xF2,0x05,0xFF,0x60,0x2F,0xFF,0xF9,0x00,0xEF,0xC0,0x01,0xFF,0xA0,0x7F,0xFB,0xFE,0x03,
  0xFF,0x70,0x00,0xAF,0xE0,0xCF,0xB5,0xFF,0x38,0xFF,0x20,0x00,0x6F,0xF5,0xFF,0x70,0xEF,0x8C,0xFC,0x00,0x00,0x1F,0xFE,0xFF,
  0x20,0xAF,0xEF,0xF8,0x00,0x00,0x0B,0xFF,0xFC,0x00,0x5F,0xFF,0xF3,0x00,0x00,0x06,0xFF,0xF8,0x00,0x1F,0xFF,0xD0,0x00,0x00,
  0x02,0xFF,0xF3,0x00,0x0B,0xFF,0x80,0x00,0x0C,0xFE,0x20,0x00,0xAF,0xF4,0x03,0xFF,0xB0,0x05,0xFF,0x90,0x00,0x9F,0xF5,0x1D,
  0xFD,0x10,0x00,0x1D,0xFE,0x9F,0xF5,0x00,0x00,0x05,0xFF,0xFF,0xA0,0x00,0x00,0x00,0xCF,0xFF,0x20,0x00,0x00,0x04,0xFF,0xFF,
  0xA0,0x00,0x00,0x1D,0xFE,0xAF,0xF4,0x00,0x00,0x8F,0xF5,0x1D,0xFD,0x10,0x03,0xFF,0xB0,0x05,0xFF,0x90,0x0C,0xFE,0x20,0x00,
  0xAF,0xF4,0x0E,0xFD,0x00,0x00,0x0E,0xFD,0x00,0x09,0xFF,0x30,0x00,0x5F,0xF7,0x00,0x03,0xFF,0x80,0x00,0xAF,0xF2,0x00,0x00,
  0xDF,0xE0,0x01,0xEF,0xB0,0x00,0x00,0x7F,0xF4,0x05,0xFF,0x50,0x00,0x00,0x2F,0xF9,0x0B,0xFE,0x00,0x00,0x00,0x0B,0xFE,0x2F,
  0xF9,0x00,0x00,0x00,0x05,0xFF,0xBF,0xF3,0x00,0x00,0x00,0x01,0xEF,0xFF,0xC0,0x00,0x00,0x00,0x00,0x9F,0xFF,0x70,0x00,0x00,
  0x00,0x00,0x3F,0xFF,0x10,0x00,0x00,0x00,0x00,0x4F,0xF9,0x00,0x00,0x00,0x04,0x47,0xEF,0xE2,0x00,0x00,0x00,0x0F,0xFF,0xFF,
  0x40,0x00,0x00,0x00,0x0F,0xFD,0xA3,0x00,0x00,0x00,0x00,0x0F,0xFF,0xFF,0xFF,0xFF,0x00,0x0F,0xFF,0xFF,0xFF,0xFF,0x00,0x04,
  0x44,0x44,0xBF,0xF8,0x00,0x00,0x00,0x05,0xFF,0xA0,0x00,0x00,0x00,0x3E,0xFC,0x10,0x00,0x00,0x02,0xEF,0xD2,0x00,0x00,0x00,
  0x1C,0xFE,0x30,0x00,0x00,0x00,0xAF,0xF5,0x00,0x00,0x00,0x08,0xFF,0xA4,0x44,0x44,0x00,0x0F,0xFF,0xFF,0xFF,0xFF,0x00,0x0F,
  0xFF,0xFF,0xFF,0xFF,0x00,0x00,0x00,0x01,0x34,0x40,0x00,0x01,0xAF,0xFF,0xF0,0x00,0x08,0xFF,0xFF,0xF0,0x00,0x0D,0xFE,0x20,
  0x00,0x00,0x0F,0xFC,0x00,0x00,0x00,0x0F,0xFC,0x00,0x00,0x00,0x0F,0xFC,0x00,0x00,0x00,0x0F,0xFC,0x00,0x00,0x00,0x0F,0xFC,
  0x00,0x00,0x00,0x4F,0xFB,0x00,0x00,0x0F,0xFF,0xE4,0x00,0x00,0x0F,0xFF,0xB1,0x00,0x00,0x04,0x8F,0xF9,0x00,0x00,0x00,0x0F,
  0xFC,0x00,0x00,0x00,0x0F,0xFC,0x00,0x00,0x00,0x0F,0xFC,0x00,0x00,0x00,0x0F,0xFC,0x00,0x00,0x00,0x0F,0xFC,0x00,0x00,0x00,
  0x0E,0xFD,0x00,0x00,0x00,0x0C,0xFF,0x64,0x40,0x00,0x05,0xFF,0xFF,0xF0,0x00,0x00,0x5C,0xEF,0xF0,0x00,0x08,0x86,0x00,0x00,
  0x00,0x0F,0xFC,0x00,0x00,0x00,0x0F,0xFC,0x00,0x00,0x00,0x0F,0xFC,0x00,0x00,0x00,0x0F,0xFC,0x00,0x00,0x00,0x0F,0xFC,0x00,
  0x00,0x00,0x0F,0xFC,0x00,0x00,0x00,0x0F,0xFC,0x00,0x00,0x00,0x0F,0xFC,0x00,0x00,0x00,0x0F,0xFC,0x00,0x00,0x00,0x0F,0xFC,
  0x00,0x00,0x00,0x0F,0xFC,0x00,0x00,0x00,0x0F,0xFC,0x00,0x00,0x00,0x0F,0xFC,0x00,0x00,0x00,0x0F,0xFC,0x00,0x00,0x00,0x0F,
  0xFC,0x00,0x00,0x00,0x0F,0xFC,0x00,0x00,0x00,0x0F,0xFC,0x00,0x00,0x00,0x0F,0xFC,0x00,0x00,0x00,0x0F,0xFC,0x00,0x00,0x00,
  0x0F,0xFC,0x00,0x00,0x00,0x0F,0xFC,0x00,0x00,0x00,0x0F,0xFC,0x00,0x00,0x00,0x0F,0xFC,0x00,0x00,0x00,0x0F,0xFC,0x00,0x00,
  0x24,0x43,0x10,0x00,0x00,0x8F,0xFF,0xE7,0x00,0x00,0x8F,0xFF,0xFF,0x60,0x00,0x00,0x05,0xFF,0xB0,0x00,0x00,0x00,0xFF,0xC0,
  0x00,0x00,0x00,0xFF,0xC0,0x00,0x00,0x00,0xFF,0xC0,0x00,0x00,0x00,0xFF,0xC0,0x00,0x00,0x00,0xFF,0xC0,0x00,0x00,0x00,0xEF,
  0xE2,0x00,0x00,0x00,0x6F,0xFF,0xF0,0x00,0x00,0x3C,0xFF,0xF0,0x00,0x00,0xCF,0xF7,0x40,0x00,0x00,0xFF,0xD0,0x00,0x00,0x00,
  0xFF,0xC0,0x00,0x00,0x00,0xFF,0xC0,0x00,0x00,0x00,0xFF,0xC0,0x00,0x00,0x00,0xFF,0xC0,0x00,0x00,0x00,0xFF,0xC0,0x00,0x24,
  0x49,0xFF,0x90,0x00,0x8F,0xFF,0xFF,0x30,0x00,0x8F,0xFE,0xB3,0x00,0x00,0x00,0x23,0x00,0x04,0x30,0x05,0xFF,0xD3,0x2F,0xB0,
  0x0C,0xFF,0xFF,0xEF,0x80,0x0E,0xC1,0x6C,0xEB,0x10,0x00,0x00,0x00,0x00,0x00,0x00,0x00,0x00,0x00,0x00,0x00,0x00,0x00,0x00,
  0x00,0x00,0x00,0x00,0x00,0x00,0x00,0x00,0x00,0x00,0x00,0x00,0x00,0x00,0x00,0x00,0x00,0x3B,0xEE,0xB3,0x00,0x04,0xFF,0xFF,
  0xFF,0x30,0x0C,0xFB,0x55,0xBF,0xB0,0x0F,0xF1,0x00,0x1F,0xE0,0x0C,0xFB,0x55,0xBF,0xB0,0x04,0xFF,0xFF,0xFF,0x30,0x00,0x3B,
  0xEE,0xB3,0x00,0x00,0x00,0x00,0x00,0x00,0x00,0x00,0x00,0x00,0x00,0x00,0x00,0x00,0x00,0x00,0x00,0x00,0x00,0x00,0x00,0x00,
  0x00,0x00,0x00,0x00,0x00,0x00,0x00,0x00,0x00,0x00,0x00,0x00,0x00,0x00,0x00,0x00,0x00,0x00,0x00,0x00,0x8E,0x60,0x00,0xEF,
  0xC0,0x00,0x8E,0x60,0x00,0x00,0x00,0x00,0x00,0x00,0x00,0x00,0x00,0x00,0x00,0x00,0x00,0x00,0x00,0x00,0x00,0x00,0x00,0x00,
  0x1E,0xF9,0x00,0x00,0x00,0x00,0x00,0x00,0x07,0xFE,0x10,0x00,0x00,0x00,0x00,0x00,0x00,0xDF,0x70,0x00,0x00,0x00,0x00,0x00,
  0x00,0x5F,0xD0,0x00,0x00,0x00,0x00,0x00,0x00,0x00,0x00,0x00,0x00,0x00,0x00,0x00,0x01,0xFF,0xFE,0x10,0x00,0x00,0x00,0x00,
  0x07,0xFF,0xFF,0x50,0x00,0x00,0x00,0x00,0x0C,0xFF,0xFF,0xB0,0x00,0x00,0x00,0x00,0x2F,0xFB,0xCF,0xF1,0x00,0x00,0x00,0x00,
  0x8F,0xF6,0x7F,0xF6,0x00,0x00,0x00,0x00,0xDF,0xF1,0x2F,0xFC,0x00,0x00,0x00,0x03,0xFF,0xB0,0x0C,0xFF,0x20,0x00,0x00,0x09,
  0xFF,0x60,0x07,0xFF,0x70,0x00,0x00,0x0E,0xFF,0x10,0x02,0xFF,0xD0,0x00,0x00,0x5F,0xFD,0x66,0x66,0xEF,0xF3,0x00,0x00,0xAF,
  0xFF,0xFF,0xFF,0xFF,0xF9,0x00,0x01,0xEF,0xFF,0xFF,0xFF,0xFF,0xFE,0x00,0x06,0xFF,0xA0,0x00,0x00,0x0B,0xFF,0x40,0x0B,0xFF,
  0x40,0x00,0x00,0x05,0xFF,0xA0,0x1F,0xFD,0x00,0x00,0x00,0x01,0xEF,0xE1,0x00,0x00,0x00,0x00,0x9F,0xE1,0x00,0x00,0x00,0x00,
  0x00,0x01,0xEF,0x70,0x00,0x00,0x00,0x00,0x00,0x07,0xFD,0x00,0x00,0x00,0x00,0x00,0x00,0x0D,0xF5,0x00,0x00,0x00,0x00,0x00,
  0x00,0x00,0x00,0x00,0x00,0x00,0x00,0x00,0x01,0xFF,0xFE,0x10,0x00,0x00,0x00,0x00,0x07,0xFF,0xFF,0x50,0x00,0x00,0x00,0x00,
  0x0C,0xFF,0xFF,0xB0,0x00,0x00,0x00,0x00,0x2F,0xFB,0xCF,0xF1,0x00,0x00,0x00,0x00,0x8F,0xF6,0x7F,0xF6,0x00,0x00,0x00,0x00,
  0xDF,0xF1,0x2F,0xFC,0x00,0x00,0x00,0x03,0xFF,0xB0,0x0C,0xFF,0x20,0x00,0x00,0x09,0xFF,0x60,0x07,0xFF,0x70,0x00,0x00,0x0E,
  0xFF,0x10,0x02,0xFF,0xD0,0x00,0x00,0x5F,0xFD,0x66,0x66,0xEF,0xF3,0x00,0x00,0xAF,0xFF,0xFF,0xFF,0xFF,0xF9,0x00,0x01,0xEF,
  0xFF,0xFF,0xFF,0xFF,0xFE,0x00,0x06,0xFF,0xA0,0x00,0x00,0x0B,0xFF,0x40,0x0B,0xFF,0x40,0x00,0x00,0x05,0xFF,0xA0,0x1F,0xFD,
  0x00,0x00,0x00,0x01,0xEF,0xE1,0x00,0x00,0x00,0x38,0x82,0x00,0x00,0x00,0x00,0x00,0x02,0xEF,0xFD,0x20,0x00,0x00,0x00,0x00,
  0x1D,0xF5,0x6F,0xC1,0x00,0x00,0x00,0x00,0x58,0x50,0x05,0x84,0x00,0x00,0x00,0x00,0x00,0x00,0x00,0x00,0x00,0x00,0x00,0x00,
  0x01,0xFF,0xFE,0x10,0x00,0x00,0x00,0x00,0x07,0xFF,0xFF,0x50,0x00,0x00,0x00,0x00,0x0C,0xFF,0xFF,0xB0,0x00,0x00,0x00,0x00,
  0x2F,0xFB,0xCF,0xF1,0x00,0x00,0x00,0x00,0x8F,0xF6,0x7F,0xF6,0x00,0x00,0x00,0x00,0xDF,0xF1,0x2F,0xFC,0x00,0x00,0x00,0x03,
  0xFF,0xB0,0x0C,0xFF,0x20,0x00,0x00,0x09,0xFF,0x60,0x07,0xFF,0x70,0x00,0x00,0x0E,0xFF,0x10,0x02,0xFF,0xD0,0x00,0x00,0x5F,
  0xFD,0x66,0x66,0xEF,0xF3,0x00,0x00,0xAF,0xFF,0xFF,0xFF,0xFF,0xF9,0x00,0x01,0xEF,0xFF,0xFF,0xFF,0xFF,0xFE,0x00,0x06,0xFF,
  0xA0,0x00,0x00,0x0B,0xFF,0x40,0x0B,0xFF,0x40,0x00,0x00,0x05,0xFF,0xA0,0x1F,0xFD,0x00,0x00,0x00,0x01,0xEF,0xE1,0x00,0x00,
  0x4D,0xE7,0x09,0xD0,0x00,0x00,0x00,0x00,0xCF,0xDF,0xDE,0xC0,0x00,0x00,0x00,0x00,0xC9,0x07,0xED,0x40,0x00,0x00,0x00,0x00,
  0x00,0x00,0x00,0x00,0x00,0x00,0x00,0x00,0x00,0x00,0x00,0x00,0x00,0x00,0x00,0x00,0x09,0xFF,0xF7,0x00,0x00,0x00,0x00,0x00,
  0x0E,0xFF,0xFD,0x00,0x00,0x00,0x00,0x00,0x4F,0xFF,0xFF,0x30,0x00,0x00,0x00,0x00,0xAF,0xF8,0xFF,0x80,0x00,0x00,0x00,0x01,
  0xEF,0xE1,0xEF,0xE0,0x00,0x00,0x00,0x05,0xFF,0x90,0xAF,0xF4,0x00,0x00,0x00,0x0B,0xFF,0x30,0x4F,0xFA,0x00,0x00,0x00,0x1F,
  0xFD,0x00,0x0E,0xFE,0x10,0x00,0x00,0x6F,0xF8,0x00,0x09,0xFF,0x50,0x00,0x00,0xCF,0xF9,0x66,0x69,0xFF,0xB0,0x00,0x02,0xFF,
  0xFF,0xFF,0xFF,0xFF,0xF1,0x00,0x07,0xFF,0xFF,0xFF,0xFF,0xFF,0xF6,0x00,0x0D,0xFF,0x30,0x00,0x00,0x4F,0xFC,0x00,0x3F,0xFC,
  0x00,0x00,0x00,0x0D,0xFF,0x20,0x8F,0xF7,0x00,0x00,0x00,0x07,0xFF,0x70,0x00,0x00,0xAF,0xE0,0x00,0x00,0x00,0x00,0x00,0x2F,
  0xF6,0x00,0x00,0x00,0x00,0x00,0x08,0xFC,0x00,0x00,0x00,0x00,0x00,0x01,0xEF,0x40,0x00,0x00,0x00,0x00,0x00,0x00,0x00,0x00,
  0x00,0x00,0xFF,0xFF,0xFF,0xFF,0xFF,0x80,0x00,0xFF,0xFF,0xFF,0xFF,0xFF,0x80,0x00,0xFF,0xD4,0x44,0x44,0x44,0x20,0x00,0xFF,
  0xC0,0x00,0x00,0x00,0x00,0x00,0xFF,0xC0,0x00,0x00,0x00,0x00,0x00,0xFF,0xC0,0x00,0x00,0x00,0x00,0x00,0xFF,0xFF,0xFF,0xFF,
  0xF8,0x00,0x00,0xFF,0xFF,0xFF,0xFF,0xF8,0x00,0x00,0xFF,0xD4,0x44,0x44,0x42,0x00,0x00,0xFF,0xC0,0x00,0x00,0x00,0x00,0x00,
  0xFF,0xC0,0x00,0x00,0x00,0x00,0x00,0xFF,0xC0,0x00,0x00,0x00,0x00,0x00,0xFF,0xD4,0x44,0x44,0x44,0x20,0x00,0xFF,0xFF,0xFF,
  0xFF,0xFF,0x80,0x00,0xFF,0xFF,0xFF,0xFF,0xFF,0x80,0x00,0x00,0x00,0x03,0xFF,0x60,0x00,0x00,0x00,0x00,0x0A,0xFC,0x00,0x00,
  0x00,0x00,0x00,0x2F,0xF4,0x00,0x00,0x00,0x00,0x00,0x8F,0xA0,0x00,0x00,0x00,0x00,0x00,0x00,0x00,0x00,0x00,0x00,0xFF,0xFF,
  0xFF,0xFF,0xFF,0x80,0x00,0xFF,0xFF,0xFF,0xFF,0xFF,0x80,0x00,0xFF,0xD4,0x44,0x44,0x44,0x20,0x00,0xFF,0xC0,0x00,0x00,0x00,
  0x00,0x00,0xFF,0xC0,0x00,0x00,0x00,0x00,0x00,0xFF,0xC0,0x00,0x00,0x00,0x00,0x00,0xFF,0xFF,0xFF,0xFF,0xF8,0x00,0x00,0xFF,
  0xFF,0xFF,0xFF,0xF8,0x00,0x00,0xFF,0xD4,0x44,0x44,0x42,0x00,0x00,0xFF,0xC0,0x00,0x00,0x00,0x00,0x00,0xFF,0xC0,0x00,0x00,
  0x00,0x00,0x00,0xFF,0xC0,0x00,0x00,0x00,0x00,0x00,0xFF,0xD4,0x44,0x44,0x44,0x20,0x00,0xFF,0xFF,0xFF,0xFF,0xFF,0x80,0x00,
  0xFF,0xFF,0xFF,0xFF,0xFF,0x80,0x00,0x00,0x01,0x78,0x50,0x00,0x00,0x00,0x00,0x0A,0xFE,0xF5,0x00,0x00,0x00,0x00,0x9F,0xA2,
  0xDF,0x40,0x00,0x00,0x02,0x87,0x00,0x38,0x70,0x00,0x00,0x00,0x00,0x00,0x00,0x00,0x00,0x00,0xFF,0xFF,0xFF,0xFF,0xFF,0x80,
  0x00,0xFF,0xFF,0xFF,0xFF,0xFF,0x80,0x00,0xFF,0xD4,0x44,0x44,0x44,0x20,0x00,0xFF,0xC0,0x00,0x00,0x00,0x00,0x00,0xFF,0xC0,
  0x00,0x00,0x00,0x00,0x00,0xFF,0xC0,0x00,0x00,0x00,0x00,0x00,0xFF,0xFF,0xFF,0xFF,0xF8,0x00,0x00,0xFF,0xFF,0xFF,0xFF,0xF8,
  0x00,0x00,0xFF,0xD4,0x44,0x44,0x42,0x00,0x00,0xFF,0xC0,0x00,0x00,0x00,0x00,0x00,0xFF,0xC0,0x00,0x00,0x00,0x00,0x00,0xFF,
  0xC0,0x00,0x00,0x00,0x00,0x00,0xFF,0xD4,0x44,0x44,0x44,0x20,0x00,0xFF,0xFF,0xFF,0xFF,0xFF,0x80,0x00,0xFF,0xFF,0xFF,0xFF,
  0xFF,0x80,0x8F,0xE1,0x00,0x1E,0xF7,0x00,0x07,0xFD,0x00,0x00,0xDF,0x50,0x00,0x00,0x00,0x00,0xFF,0xC0,0x00,0xFF,0xC0,0x00,
  0xFF,0xC0,0x00,0xFF,0xC0,0x00,0xFF,0xC0,0x00,0xFF,0xC0,0x00,0xFF,0xC0,0x00,0xFF,0xC0,0x00,0xFF,0xC0,0x00,0xFF,0xC0,0x00,
  0xFF,0xC0,0x00,0xFF,0xC0,0x00,0xFF,0xC0,0x00,0xFF,0xC0,0x00,0xFF,0xC0,0x00,0x02,0xFF,0x60,0x00,0x09,0xFD,0x00,0x00,0x1E,
  0xF5,0x00,0x00,0x6F,0xB0,0x00,0x00,0x00,0x00,0x00,0x00,0xFF,0xC0,0x00,0x00,0xFF,0xC0,0x00,0x00,0xFF,0xC0,0x00,0x00,0xFF,
  0xC0,0x00,0x00,0xFF,0xC0,0x00,0x00,0xFF,0xC0,0x00,0x00,0xFF,0xC0,0x00,0x00,0xFF,0xC0,0x00,0x00,0xFF,0xC0,0x00,0x00,0xFF,
  0xC0,0x00,0x00,0xFF,0xC0,0x00,0x00,0xFF,0xC0,0x00,0x00,0xFF,0xC0,0x00,0x00,0xFF,0xC0,0x00,0x00,0xFF,0xC0,0x00,0x00,0x00,
  0x04,0xFF,0x80,0x00,0x00,0x00,0x00,0x00,0x00,0x00,0xAF,0xE1,0x00,0x00,0x00,0x00,0x00,0x00,0x00,0x2E,0xF6,0x00,0x00,0x00,
  0x00,0x00,0x00,0x00,0x07,0xFD,0x00,0x00,0x00,0x00,0x00,0x00,0x00,0x00,0x00,0x00,0x00,0x00,0x00,0x00,0x00,0x00,0x00,0x00,
  0x00,0x00,0x00,0x00,0x00,0x00,0x05,0xAD,0xEE,0xD9,0x40,0x00,0x00,0x00,0x02,0xCF,0xFF,0xFF,0xFF,0xFB,0x10,0x00,0x00,0x2E,
  0xFF,0xD7,0x55,0x8E,0xFF,0xD1,0x00,0x00,0xCF,0xF8,0x00,0x00,0x01,0xBF,0xFA,0x00,0x06,0xFF,0xA0,0x00,0x00,0x00,0x1D,0xFF,
  0x30,0x0B,0xFF,0x30,0x00,0x00,0x00,0x06,0xFF,0x80,0x0E,0xFE,0x00,0x00,0x00,0x00,0x02,0xFF,0xB0,0x0F,0xFD,0x00,0x00,0x00,
  0x00,0x00,0xFF,0xC0,0x0E,0xFE,0x00,0x00,0x00,0x00,0x02,0xFF,0xB0,0x0B,0xFF,0x30,0x00,0x00,0x00,0x06,0xFF,0x80,0x05,0xFF,
  0xA0,0x00,0x00,0x00,0x1D,0xFF,0x30,0x00,0xCF,0xF8,0x00,0x00,0x01,0xBF,0xFA,0x00,0x00,0x2E,0xFF,0xC7,0x55,0x8E,0xFF,0xD1,
  0x00,0x00,0x02,0xCF,0xFF,0xFF,0xFF,0xFB,0x10,0x00,0x00,0x00,0x05,0xAD,0xEE,0xD9,0x40,0x00,0x00,0x00,0x00,0x00,0x00,0x09,
  0xFF,0x20,0x00,0x00,0x00,0x00,0x00,0x00,0x1F,0xF8,0x00,0x00,0x00,0x00,0x00,0x00,0x00,0x8F,0xD1,0x00,0x00,0x00,0x00,0x00,
  0x00,0x01,0xEF,0x50,0x00,0x00,0x00,0x00,0x00,0x00,0x00,0x00,0x00,0x00,0x00,0x00,0x00,0x00,0x00,0x00,0x00,0x00,0x00,0x00,
  0x00,0x00,0x00,0x05,0xAD,0xEE,0xD9,0x40,0x00,0x00,0x00,0x02,0xCF,0xFF,0xFF,0xFF,0xFB,0x10,0x00,0x00,0x2E,0xFF,0xD7,0x55,
  0x8E,0xFF,0xD1,0x00,0x00,0xCF,0xF8,0x00,0x00,0x01,0xBF,0xFA,0x00,0x06,0xFF,0xA0,0x00,0x00,0x00,0x1D,0xFF,0x30,0x0B,0xFF,
  0x30,0x00,0x00,0x00,0x06,0xFF,0x80,0x0E,0xFE,0x00,0x00,0x00,0x00,0x02,0xFF,0xB0,0x0F,0xFD,0x00,0x00,0x00,0x00,0x00,0xFF,
  0xC0,0x0E,0xFE,0x00,0x00,0x00,0x00,0x02,0xFF,0xB0,0x0B,0xFF,0x30,0x00,0x00,0x00,0x06,0xFF,0x80,0x05,0xFF,0xA0,0x00,0x00,
  0x00,0x1D,0xFF,0x30,0x00,0xCF,0xF8,0x00,0x00,0x01,0xBF,0xFA,0x00,0x00,0x2E,0xFF,0xC7,0x55,0x8E,0xFF,0xD1,0x00,0x00,0x02,
  0xCF,0xFF,0xFF,0xFF,0xFB,0x10,0x00,0x00,0x00,0x05,0xAD,0xEE,0xD9,0x40,0x00,0x00,0x00,0x00,0x00,0x0B,0xFF,0x90,0x00,0x00,
  0x00,0x00,0x00,0x00,0xAF,0xAC,0xF8,0x00,0x00,0x00,0x00,0x00,0x09,0xFB,0x01,0xDF,0x70,0x00,0x00,0x00,0x00,0x00,0x00,0x00,
  0x00,0x00,0x00,0x00,0x00,0x00,0x00,0x00,0x00,0x00,0x00,0x00,0x00,0x00,0x00,0x05,0xAD,0xEE,0xD9,0x40,0x00,0x00,0x00,0x02,
  0xCF,0xFF,0xFF,0xFF,0xFB,0x10,0x00,0x00,0x2E,0xFF,0xD7,0x55,0x8E,0xFF,0xD1,0x00,0x00,0xCF,0xF8,0x00,0x00,0x01,0xBF,0xFA,
  0x00,0x06,0xFF,0xA0,0x00,0x00,0x00,0x1D,0xFF,0x30,0x0B,0xFF,0x30,0x00,0x00,0x00,0x06,0xFF,0x80,0x0E,0xFE,0x00,0x00,0x00,
  0x00,0x02,0xFF,0xB0,0x0F,0xFD,0x00,0x00,0x00,0x00,0x00,0xFF,0xC0,0x0E,0xFE,0x00,0x00,0x00,0x00,0x02,0xFF,0xB0,0x0B,0xFF,
  0x30,0x00,0x00,0x00,0x06,0xFF,0x80,0x05,0xFF,0xA0,0x00,0x00,0x00,0x1D,0xFF,0x30,0x00,0xCF,0xF8,0x00,0x00,0x01,0xBF,0xFA,
  0x00,0x00,0x2E,0xFF,0xC7,0x55,0x8E,0xFF,0xD1,0x00,0x00,0x02,0xCF,0xFF,0xFF,0xFF,0xFB,0x10,0x00,0x00,0x00,0x05,0xAD,0xEE,
  0xD9,0x40,0x00,0x00,0x00,0x00,0x02,0xCE,0xB2,0x1D,0x80,0x00,0x00,0x00,0x00,0x09,0xFC,0xFE,0xDF,0x60,0x00,0x00,0x00,0x00,
  0x0A,0xD0,0x3C,0xEB,0x10,0x00,0x00,0x00,0x00,0x00,0x00,0x00,0x00,0x00,0x00,0x00,0x00,0x00,0x00,0x00,0x00,0x00,0x00,0x00,
  0x00,0x00,0x00,0x05,0xAD,0xEE,0xD9,0x40,0x00,0x00,0x00,0x02,0xCF,0xFF,0xFF,0xFF,0xFB,0x10,0x00,0x00,0x2E,0xFF,0xD7,0x55,
  0x8E,0xFF,0xD1,0x00,0x00,0xCF,0xF8,0x00,0x00,0x01,0xBF,0xFA,0x00,0x06,0xFF,0xA0,0x00,0x00,0x00,0x1D,0xFF,0x30,0x0B,0xFF,
  0x30,0x00,0x00,0x00,0x06,0xFF,0x80,0x0E,0xFE,0x00,0x00,0x00,0x00,0x02,0xFF,0xB0,0x0F,0xFD,0x00,0x00,0x00,0x00,0x00,0xFF,
  0xC0,0x0E,0xFE,0x00,0x00,0x00,0x00,0x02,0xFF,0xB0,0x0B,0xFF,0x30,0x00,0x00,0x00,0x06,0xFF,0x80,0x05,0xFF,0xA0,0x00,0x00,
  0x00,0x1D,0xFF,0x30,0x00,0xCF,0xF8,0x00,0x00,0x01,0xBF,0xFA,0x00,0x00,0x2E,0xFF,0xC7,0x55,0x8E,0xFF,0xD1,0x00,0x00,0x02,
  0xCF,0xFF,0xFF,0xFF,0xFB,0x10,0x00,0x00,0x00,0x05,0xAD,0xEE,0xD9,0x40,0x00,0x00,0x00,0x00,0x10,0x00,0x10,0x00,0x00,0x00,
  0x08,0xC1,0x02,0xD6,0x00,0x00,0x00,0x4F,0xFC,0x4E,0xFF,0x20,0x00,0x00,0x07,0xFF,0xFF,0xF5,0x00,0x00,0x00,0x00,0x8F,0xFF,
  0x60,0x00,0x00,0x00,0x03,0xEF,0xFF,0xD2,0x00,0x00,0x00,0x3E,0xFE,0x8F,0xFD,0x20,0x00,0x00,0x1C,0xE4,0x05,0xFA,0x00,0x00,
  0x00,0x01,0x30,0x00,0x40,0x00,0x00,0x00,0x00,0x00,0x00,0x00,0x00,0x00,0x00,0x00,0x00,0x00,0x00,0x00,0x00,0x00,0x00,0x0D,
  0xF9,0x00,0x00,0x00,0x00,0x00,0x00,0x06,0xFE,0x10,0x00,0x00,0x00,0x00,0x00,0x00,0xCF,0x60,0x00,0x00,0x00,0x00,0x00,0x00,
  0x4F,0xC0,0x00,0x00,0x00,0x00,0x00,0x00,0x00,0x00,0x00,0x00,0x00,0x00,0x00,0x00,0x00,0x00,0x00,0x00,0x00,0x00,0xFF,0xC0,
  0x00,0x00,0x0C,0xFF,0x00,0x00,0xFF,0xC0,0x00,0x00,0x0C,0xFF,0x00,0x00,0xFF,0xC0,0x00,0x00,0x0C,0xFF,0x00,0x00,0xFF,0xC0,
  0x00,0x00,0x0C,0xFF,0x00,0x00,0xFF,0xC0,0x00,0x00,0x0C,0xFF,0x00,0x00,0xFF,0xC0,0x00,0x00,0x0C,0xFF,0x00,0x00,0xFF,0xC0,
  0x00,0x00,0x0C,0xFF,0x00,0x00,0xFF,0xC0,0x00,0x00,0x0C,0xFF,0x00,0x00,0xFF,0xC0,0x00,0x00,0x0C,0xFF,0x00,0x00,0xFF,0xD0,
  0x00,0x00,0x0D,0xFF,0x00,0x00,0xDF,0xE0,0x00,0x00,0x0E,0xFD,0x00,0x00,0x9F,0xF7,0x00,0x00,0x7F,0xF9,0x00,0x00,0x2E,0xFF,
  0x95,0x59,0xFF,0xE2,0x00,0x00,0x05,0xEF,0xFF,0xFF,0xFE,0x50,0x00,0x00,0x00,0x28,0xDE,0xED,0x82,0x00,0x00,0x00,0x00,0x00,
  0x00,0xAF,0xD0,0x00,0x00,0x00,0x00,0x00,0x01,0xFF,0x50,0x00,0x00,0x00,0x00,0x00,0x07,0xFC,0x00,0x00,0x00,0x00,0x00,0x00,
  0x0D,0xF4,0x00,0x00,0x00,0x00,0x00,0x00,0x00,0x00,0x00,0x00,0x00,0x00,0x00,0x00,0x00,0x00,0x00,0x00,0x00,0x00,0xFF,0xC0,
  0x00,0x00,0x0C,0xFF,0x00,0x00,0xFF,0xC0,0x00,0x00,0x0C,0xFF,0x00,0x00,0xFF,0xC0,0x00,0x00,0x0C,0xFF,0x00,0x00,0xFF,0xC0,
  0x00,0x00,0x0C,0xFF,0x00,0x00,0xFF,0xC0,0x00,0x00,0x0C,0xFF,0x00,0x00,0xFF,0xC0,0x00,0x00,0x0C,0xFF,0x00,0x00,0xFF,0xC0,
  0x00,0x00,0x0C,0xFF,0x00,0x00,0xFF,0xC0,0x00,0x00,0x0C,0xFF,0x00,0x00,0xFF,0xC0,0x00,0x00,0x0C,0xFF,0x00,0x00,0xFF,0xD0,
  0x00,0x00,0x0D,0xFF,0x00,0x00,0xDF,0xE0,0x00,0x00,0x0E,0xFD,0x00,0x00,0x9F,0xF7,0x00,0x00,0x7F,0xF9,0x00,0x00,0x2E,0xFF,
  0x95,0x59,0xFF,0xE2,0x00,0x00,0x05,0xEF,0xFF,0xFF,0xFE,0x50,0x00,0x00,0x00,0x28,0xDE,0xED,0x82,0x00,0x00,0x00,0x00,0x00,
  0x02,0xFF,0x70,0x00,0x00,0x00,0x00,0x00,0x08,0xFD,0x10,0x00,0x00,0x00,0x00,0x00,0x1E,0xF5,0x00,0x00,0x00,0x00,0x00,0x00,
  0x6F,0xC0,0x00,0x00,0x00,0x00,0x00,0x00,0x00,0x00,0x00,0x00,0x00,0x3F,0xFD,0x00,0x00,0x00,0x2F,0xFE,0x10,0x09,0xFF,0x70,
  0x00,0x00,0xAF,0xF6,0x00,0x02,0xEF,0xE1,0x00,0x03,0xFF,0xD0,0x00,0x00,0x8F,0xF8,0x00,0x0B,0xFF,0x50,0x00,0x00,0x1E,0xFE,
  0x10,0x4F,0xFB,0x00,0x00,0x00,0x06,0xFF,0x90,0xCF,0xF3,0x00,0x00,0x00,0x00,0xCF,0xF7,0xFF,0xA0,0x00,0x00,0x00,0x00,0x4F,
  0xFF,0xFF,0x20,0x00,0x00,0x00,0x00,0x0B,0xFF,0xF8,0x00,0x00,0x00,0x00,0x00,0x03,0xFF,0xE1,0x00,0x00,0x00,0x00,0x00,0x00,
  0xFF,0xC0,0x00,0x00,0x00,0x00,0x00,0x00,0xFF,0xC0,0x00,0x00,0x00,0x00,0x00,0x00,0xFF,0xC0,0x00,0x00,0x00,0x00,0x00,0x00,
  0xFF,0xC0,0x00,0x00,0x00,0x00,0x00,0x00,0xFF,0xC0,0x00,0x00,0x00,0x00,0x04,0xFF,0x30,0x00,0x00,0x00,0x00,0x00,0xBF,0xA0,
  0x00,0x00,0x00,0x00,0x00,0x3F,0xF1,0x00,0x00,0x00,0x00,0x00,0x09,0xF7,0x00,0x00,0x00,0x00,0x00,0x00,0x00,0x00,0x00,0x00,
  0x00,0x06,0xCF,0xE9,0x1C,0xFF,0x00,0x00,0x9F,0xFF,0xFF,0xCD,0xFF,0x00,0x04,0xFF,0xF8,0x58,0xFF,0xFF,0x00,0x0A,0xFF,0x60,
  0x00,0x6F,0xFF,0x00,0x0E,0xFE,0x00,0x00,0x0E,0xFF,0x00,0x0F,0xFD,0x00,0x00,0x0D,0xFF,0x00,0x0E,0xFE,0x00,0x00,0x0E,0xFF,
  0x00,0x0A,0xFF,0x60,0x00,0x6F,0xFF,0x00,0x04,0xFF,0xF7,0x57,0xFF,0xFF,0x00,0x00,0x9F,0xFF,0xFF,0xDD,0xFF,0x00,0x00,0x06,
  0xCF,0xEA,0x1C,0xFF,0x00,0x00,0x00,0x00,0x1E,0xF8,0x00,0x00,0x00,0x00,0x00,0x6F,0xE1,0x00,0x00,0x00,0x00,0x00,0xCF,0x60,
  0x00,0x00,0x00,0x00,0x03,0xFD,0x00,0x00,0x00,0x00,0x00,0x00,0x00,0x00,0x00,0x00,0x00,0x06,0xCF,0xE9,0x1C,0xFF,0x00,0x00,
  0x9F,0xFF,0xFF,0xCD,0xFF,0x00,0x04,0xFF,0xF8,0x58,0xFF,0xFF,0x00,0x0A,0xFF,0x60,0x00,0x6F,0xFF,0x00,0x0E,0xFE,0x00,0x00,
  0x0E,0xFF,0x00,0x0F,0xFD,0x00,0x00,0x0D,0xFF,0x00,0x0E,0xFE,0x00,0x00,0x0E,0xFF,0x00,0x0A,0xFF,0x60,0x00,0x6F,0xFF,0x00,
  0x04,0xFF,0xF7,0x57,0xFF,0xFF,0x00,0x00,0x9F,0xFF,0xFF,0xDD,0xFF,0x00,0x00,0x06,0xCF,0xEA,0x1C,0xFF,0x00,0x00,0x00,0x1D,
  0xFE,0x20,0x00,0x00,0x00,0x00,0xBF,0x8E,0xD1,0x00,0x00,0x00,0x09,0xF8,0x05,0xFC,0x10,0x00,0x00,0x00,0x00,0x00,0x00,0x00,
  0x00,0x00,0x06,0xCF,0xE9,0x1C,0xFF,0x00,0x00,0x9F,0xFF,0xFF,0xCD,0xFF,0x00,0x04,0xFF,0xF8,0x58,0xFF,0xFF,0x00,0x0A,0xFF,
  0x60,0x00,0x6F,0xFF,0x00,0x0E,0xFE,0x00,0x00,0x0E,0xFF,0x00,0x0F,0xFD,0x00,0x00,0x0D,0xFF,0x00,0x0E,0xFE,0x00,0x00,0x0E,
  0xFF,0x00,0x0A,0xFF,0x60,0x00,0x6F,0xFF,0x00,0x04,0xFF,0xF7,0x57,0xFF,0xFF,0x00,0x00,0x9F,0xFF,0xFF,0xDD,0xFF,0x00,0x00,
  0x06,0xCF,0xEA,0x1C,0xFF,0x00,0x00,0x01,0xCE,0x80,0x8D,0x00,0x00,0x00,0x08,0xFC,0xFD,0xEC,0x00,0x00,0x00,0x0A,0xC0,0x6D,
  0xE4,0x00,0x00,0x00,0x00,0x00,0x00,0x00,0x00,0x00,0x00,0x00,0x00,0x00,0x00,0x00,0x00,0x00,0x06,0xCF,0xE9,0x1C,0xFF,0x00,
  0x00,0x9F,0xFF,0xFF,0xCD,0xFF,0x00,0x04,0xFF,0xF8,0x58,0xFF,0xFF,0x00,0x0A,0xFF,0x60,0x00,0x6F,0xFF,0x00,0x0E,0xFE,0x00,
  0x00,0x0E,0xFF,0x00,0x0F,0xFD,0x00,0x00,0x0D,0xFF,0x00,0x0E,0xFE,0x00,0x00,0x0E,0xFF,0x00,0x0A,0xFF,0x60,0x00,0x6F,0xFF,
  0x00,0x04,0xFF,0xF7,0x57,0xFF,0xFF,0x00,0x00,0x9F,0xFF,0xFF,0xDD,0xFF,0x00,0x00,0x06,0xCF,0xEA,0x1C,0xFF,0x00,0x00,0x08,
  0xFF,0x20,0x00,0x00,0x00,0x00,0x01,0xEF,0x90,0x00,0x00,0x00,0x00,0x00,0x6F,0xE1,0x00,0x00,0x00,0x00,0x00,0x0C,0xF7,0x00,
  0x00,0x00,0x00,0x00,0x00,0x00,0x00,0x00,0x00,0x00,0x03,0xAE,0xFD,0xA3,0x00,0x00,0x00,0x6F,0xFF,0xFF,0xFF,0x50,0x00,0x03,
  0xFF,0xD6,0x46,0xDF,0xE2,0x00,0x0A,0xFE,0x10,0x00,0x2F,0xF7,0x00,0x0E,0xFF,0xFF,0xFF,0xFF,0xFB,0x00,0x0F,0xFF,0xFF,0xFF,
  0xFF,0xFC,0x00,0x0E,0xFE,0x44,0x44,0x44,0x43,0x00,0x0A,0xFF,0x30,0x00,0x29,0x96,0x00,0x03,0xFF,0xE7,0x56,0xDF,0xF4,0x00,
  0x00,0x6F,0xFF,0xFF,0xFF,0x80,0x00,0x00,0x03,0xAD,0xFE,0xB5,0x00,0x00,0x00,0x00,0x00,0x1E,0xFA,0x00,0x00,0x00,0x00,0x00,
  0x7F,0xE2,0x00,0x00,0x00,0x00,0x00,0xDF,0x80,0x00,0x00,0x00,0x00,0x05,0xFD,0x10,0x00,0x00,0x00,0x00,0x00,0x00,0x00,0x00,
  0x00,0x00,0x03,0xAE,0xFD,0xA3,0x00,0x00,0x00,0x6F,0xFF,0xFF,0xFF,0x50,0x00,0x03,0xFF,0xD6,0x46,0xDF,0xE2,0x00,0x0A,0xFE,
  0x10,0x00,0x2F,0xF7,0x00,0x0E,0xFF,0xFF,0xFF,0xFF,0xFB,0x00,0x0F,0xFF,0xFF,0xFF,0xFF,0xFC,0x00,0x0E,0xFE,0x44,0x44,0x44,
  0x43,0x00,0x0A,0xFF,0x30,0x00,0x29,0x96,0x00,0x03,0xFF,0xE7,0x56,0xDF,0xF4,0x00,0x00,0x6F,0xFF,0xFF,0xFF,0x80,0x00,0x00,
  0x03,0xAD,0xFE,0xB5,0x00,0x00,0x00,0x00,0x2E,0xFE,0x30,0x00,0x00,0x00,0x02,0xDF,0x7F,0xE2,0x00,0x00,0x00,0x1D,0xF6,0x05,
  0xFD,0x20,0x00,0x00,0x00,0x00,0x00,0x00,0x00,0x00,0x00,0x03,0xAE,0xFD,0xA3,0x00,0x00,0x00,0x6F,0xFF,0xFF,0xFF,0x50,0x00,
  0x03,0xFF,0xD6,0x46,0xDF,0xE2,0x00,0x0A,0xFE,0x10,0x00,0x2F,0xF7,0x00,0x0E,0xFF,0xFF,0xFF,0xFF,0xFB,0x00,0x0F,0xFF,0xFF,
  0xFF,0xFF,0xFC,0x00,0x0E,0xFE,0x44,0x44,0x44,0x43,0x00,0x0A,0xFF,0x30,0x00,0x29,0x96,0x00,0x03,0xFF,0xE7,0x56,0xDF,0xF4,
  0x00,0x00,0x6F,0xFF,0xFF,0xFF,0x80,0x00,0x00,0x03,0xAD,0xFE,0xB5,0x00,0x00,0x9F,0xE1,0x00,0x1E,0xF7,0x00,0x07,0xFD,0x00,
  0x00,0xDF,0x50,0x00,0x00,0x00,0x00,0xFF,0xC0,0x00,0xFF,0xC0,0x00,0xFF,0xC0,0x00,0xFF,0xC0,0x00,0xFF,0xC0,0x00,0xFF,0xC0,
  0x00,0xFF,0xC0,0x00,0xFF,0xC0,0x00,0xFF,0xC0,0x00,0xFF,0xC0,0x00,0xFF,0xC0,0x00,0x02,0xFF,0x70,0x00,0x09,0xFD,0x00,0x00,
  0x1E,0xF5,0x00,0x00,0x7F,0xB0,0x00,0x00,0x00,0x00,0x00,0x00,0xFF,0xC0,0x00,0x00,0xFF,0xC0,0x00,0x00,0xFF,0xC0,0x00,0x00,
  0xFF,0xC0,0x00,0x00,0xFF,0xC0,0x00,0x00,0xFF,0xC0,0x00,0x00,0xFF,0xC0,0x00,0x00,0xFF,0xC0,0x00,0x00,0xFF,0xC0,0x00,0x00,
  0xFF,0xC0,0x00,0x00,0xFF,0xC0,0x00,0x00,0x04,0xFF,0x70,0x00,0x00,0x00,0x00,0x00,0xAF,0xE0,0x00,0x00,0x00,0x00,0x00,0x2E,
  0xF6,0x00,0x00,0x00,0x00,0x00,0x07,0xFD,0x00,0x00,0x00,0x00,0x00,0x00,0x00,0x00,0x00,0x00,0x00,0x02,0x8D,0xEE,0xC7,0x10,
  0x00,0x00,0x4E,0xFF,0xFF,0xFF,0xD2,0x00,0x02,0xEF,0xF9,0x55,0xBF,0xFD,0x10,0x09,0xFF,0x70,0x00,0x0A,0xFF,0x60,0x0D,0xFE,
  0x00,0x00,0x02,0xFF,0xA0,0x0F,0xFD,0x00,0x00,0x00,0xFF,0xC0,0x0D,0xFE,0x00,0x00,0x02,0xFF,0xA0,0x09,0xFF,0x70,0x00,0x0A,
  0xFF,0x60,0x02,0xEF,0xF9,0x55,0xBF,0xFD,0x10,0x00,0x4E,0xFF,0xFF,0xFF,0xD2,0x00,0x00,0x02,0x8D,0xEE,0xC7,0x10,0x00,0x00,
  0x00,0x00,0x0A,0xFF,0x20,0x00,0x00,0x00,0x00,0x2F,0xF8,0x00,0x00,0x00,0x00,0x00,0x8F,0xD1,0x00,0x00,0x00,0x00,0x01,0xEF,
  0x50,0x00,0x00,0x00,0x00,0x00,0x00,0x00,0x00,0x00,0x00,0x02,0x8D,0xEE,0xC7,0x10,0x00,0x00,0x4E,0xFF,0xFF,0xFF,0xD2,0x00,
  0x02,0xEF,0xF9,0x55,0xBF,0xFD,0x10,0x09,0xFF,0x70,0x00,0x0A,0xFF,0x60,0x0D,0xFE,0x00,0x00,0x02,0xFF,0xA0,0x0F,0xFD,0x00,
  0x00,0x00,0xFF,0xC0,0x0D,0xFE,0x00,0x00,0x02,0xFF,0xA0,0x09,0xFF,0x70,0x00,0x0A,0xFF,0x60,0x02,0xEF,0xF9,0x55,0xBF,0xFD,
  0x10,0x00,0x4E,0xFF,0xFF,0xFF,0xD2,0x00,0x00,0x02,0x8D,0xEE,0xC7,0x10,0x00,0x00,0x00,0x0B,0xFF,0x90,0x00,0x00,0x00,0x00,
  0xAF,0xAC,0xF7,0x00,0x00,0x00,0x09,0xFB,0x01,0xDF,0x60,0x00,0x00,0x00,0x00,0x00,0x00,0x00,0x00,0x00,0x02,0x8D,0xEE,0xC7,
  0x10,0x00,0x00,0x4E,0xFF,0xFF,0xFF,0xD2,0x00,0x02,0xEF,0xF9,0x55,0xBF,0xFD,0x10,0x09,0xFF,0x70,0x00,0x0A,0xFF,0x60,0x0D,
  0xFE,0x00,0x00,0x02,0xFF,0xA0,0x0F,0xFD,0x00,0x00,0x00,0xFF,0xC0,0x0D,0xFE,0x00,0x00,0x02,0xFF,0xA0,0x09,0xFF,0x70,0x00,
  0x0A,0xFF,0x60,0x02,0xEF,0xF9,0x55,0xBF,0xFD,0x10,0x00,0x4E,0xFF,0xFF,0xFF,0xD2,0x00,0x00,0x02,0x8D,0xEE,0xC7,0x10,0x00,
  0x00,0x01,0xCE,0xB2,0x1D,0x80,0x00,0x00,0x08,0xFC,0xFE,0xCF,0x60,0x00,0x00,0x09,0xC0,0x3C,0xEB,0x10,0x00,0x00,0x00,0x00,
  0x00,0x00,0x00,0x00,0x00,0x00,0x00,0x00,0x00,0x00,0x00,0x00,0x02,0x8D,0xEE,0xC7,0x10,0x00,0x00,0x4E,0xFF,0xFF,0xFF,0xD2,
  0x00,0x02,0xEF,0xF9,0x55,0xBF,0xFD,0x10,0x09,0xFF,0x70,0x00,0x0A,0xFF,0x60,0x0D,0xFE,0x00,0x00,0x02,0xFF,0xA0,0x0F,0xFD,
  0x00,0x00,0x00,0xFF,0xC0,0x0D,0xFE,0x00,0x00,0x02,0xFF,0xA0,0x09,0xFF,0x70,0x00,0x0A,0xFF,0x60,0x02,0xEF,0xF9,0x55,0xBF,
  0xFD,0x10,0x00,0x4E,0xFF,0xFF,0xFF,0xD2,0x00,0x00,0x02,0x8D,0xEE,0xC7,0x10,0x00,0x00,0x03,0xFF,0x80,0x00,0x00,0x00,0x00,
  0x00,0x9F,0xE0,0x00,0x00,0x00,0x00,0x00,0x1E,0xF6,0x00,0x00,0x00,0x00,0x00,0x07,0xFD,0x00,0x00,0x00,0x00,0x00,0x00,0x00,
  0x00,0x00,0x00,0x00,0xFF,0xC0,0x00,0x0F,0xFC,0x00,0x00,0xFF,0xC0,0x00,0x0F,0xFC,0x00,0x00,0xFF,0xC0,0x00,0x0F,0xFC,0x00,
  0x00,0xFF,0xC0,0x00,0x0F,0xFC,0x00,0x00,0xFF,0xC0,0x00,0x0F,0xFC,0x00,0x00,0xFF,0xC0,0x00,0x0F,0xFC,0x00,0x00,0xFF,0xC0,
  0x00,0x1F,0xFC,0x00,0x00,0xEF,0xE0,0x00,0x5F,0xFC,0x00,0x00,0xCF,0xFA,0x46,0xEF,0xFC,0x00,0x00,0x5F,0xFF,0xFF,0xAF,0xFC,
  0x00,0x00,0x06,0xDF,0xE8,0x0F,0xFC,0x00,0x00,0x00,0x00,0x0A,0xFE,0x10,0x00,0x00,0x00,0x00,0x2F,0xF7,0x00,0x00,0x00,0x00,
  0x00,0x8F,0xD0,0x00,0x00,0x00,0x00,0x01,0xEF,0x40,0x00,0x00,0x00,0x00,0x00,0x00,0x00,0x00,0x00,0x00,0xFF,0xC0,0x00,0x0F,
  0xFC,0x00,0x00,0xFF,0xC0,0x00,0x0F,0xFC,0x00,0x00,0xFF,0xC0,0x00,0x0F,0xFC,0x00,0x00,0xFF,0xC0,0x00,0x0F,0xFC,0x00,0x00,
  0xFF,0xC0,0x00,0x0F,0xFC,0x00,0x00,0xFF,0xC0,0x00,0x0F,0xFC,0x00,0x00,0xFF,0xC0,0x00,0x1F,0xFC,0x00,0x00,0xEF,0xE0,0x00,
  0x5F,0xFC,0x00,0x00,0xCF,0xFA,0x46,0xEF,0xFC,0x00,0x00,0x5F,0xFF,0xFF,0xAF,0xFC,0x00,0x00,0x06,0xDF,0xE8,0x0F,0xFC,0x00,
  0x00,0x00,0x00,0x3F,0xF6,0x00,0x00,0x00,0x00,0x00,0x9F,0xD0,0x00,0x00,0x00,0x00,0x01,0xFF,0x40,0x00,0x00,0x00,0x00,0x07,
  0xFB,0x00,0x00,0x00,0x00,0x00,0x00,0x00,0x00,0x00,0x00,0x0E,0xFD,0x00,0x00,0x0E,0xFD,0x00,0x09,0xFF,0x30,0x00,0x5F,0xF7,
  0x00,0x03,0xFF,0x80,0x00,0xAF,0xF2,0x00,0x00,0xDF,0xE0,0x01,0xEF,0xB0,0x00,0x00,0x7F,0xF4,0x05,0xFF,0x50,0x00,0x00,0x2F,
  0xF9,0x0B,0xFE,0x00,0x00,0x00,0x0B,0xFE,0x2F,0xF9,0x00,0x00,0x00,0x05,0xFF,0xBF,0xF3,0x00,0x00,0x00,0x01,0xEF,0xFF,0xC0,
  0x00,0x00,0x00,0x00,0x9F,0xFF,0x70,0x00,0x00,0x00,0x00,0x3F,0xFF,0x10,0x00,0x00,0x00,0x00,0x4F,0xF9,0x00,0x00,0x00,0x04,
  0x47,0xEF,0xE2,0x00,0x00,0x00,0x0F,0xFF,0xFF,0x40,0x00,0x00,0x00,0x0F,0xFD,0xA3,0x00,0x00,0x00,0x00,0x00,0x00,0x23,0x10,
  0x01,0x32,0x00,0x00,0x00,0x00,0x8F,0x70,0x08,0xF7,0x00,0x00,0x00,0x00,0x2F,0xFB,0xBF,0xE1,0x00,0x00,0x00,0x00,0x04,0xBE,
  0xEB,0x30,0x00,0x00,0x00,0x00,0x00,0x00,0x00,0x00,0x00,0x00,0x00,0x00,0x00,0x88,0x87,0x00,0x00,0x00,0x00,0x00,0x04,0xFF,
  0xFF,0x30,0x00,0x00,0x00,0x00,0x09,0xFF,0xFF,0x80,0x00,0x00,0x00,0x00,0x0E,0xFE,0xEF,0xD0,0x00,0x00,0x00,0x00,0x5F,0xF9,
  0xAF,0xF3,0x00,0x00,0x00,0x00,0xAF,0xF4,0x5F,0xF8,0x00,0x00,0x00,0x01,0xEF,0xE0,0x1E,0xFD,0x00,0x00,0x00,0x05,0xFF,0x90,
  0x0A,0xFF,0x40,0x00,0x00,0x0A,0xFF,0x40,0x05,0xFF,0x90,0x00,0x00,0x1F,0xFD,0x00,0x01,0xEF,0xE0,0x00,0x00,0x6F,0xFE,0xBB,
  0xBB,0xEF,0xF4,0x00,0x00,0xBF,0xFF,0xFF,0xFF,0xFF,0xF9,0x00,0x01,0xFF,0xEB,0xBB,0xBB,0xBE,0xFE,0x00,0x06,0xFF,0x80,0x00,
  0x00,0x0A,0xFF,0x50,0x0B,0xFF,0x30,0x00,0x00,0x05,0xFF,0xA0,0x2F,0xFD,0x00,0x00,0x00,0x00,0xEF,0xE1,0x00,0x01,0x10,0x00,
  0x01,0x10,0x00,0x00,0x0A,0xF5,0x00,0x7F,0x70,0x00,0x00,0x05,0xFD,0x56,0xEF,0x30,0x00,0x00,0x00,0x9F,0xFF,0xF7,0x00,0x00,
  0x00,0x00,0x03,0x65,0x20,0x00,0x00,0x00,0x00,0x14,0x52,0x01,0x22,0x10,0x00,0x08,0xFF,0xFF,0x95,0xFF,0x70,0x00,0x8F,0xFF,
  0xFF,0xFD,0xFF,0x70,0x02,0xFF,0xF6,0x01,0x9F,0xFF,0x70,0x08,0xFF,0x70,0x00,0x0C,0xFF,0x70,0x0B,0xFF,0x20,0x00,0x06,0xFF,
  0x70,0x0C,0xFF,0x10,0x00,0x05,0xFF,0x70,0x0B,0xFF,0x20,0x00,0x07,0xFF,0x70,0x07,0xFF,0x80,0x00,0x0C,0xFF,0x70,0x02,0xFF,
  0xF7,0x23,0xAF,0xFF,0x70,0x00,0x7F,0xFF,0xFF,0xFC,0xFF,0x70,0x00,0x06,0xEF,0xFE,0x75,0xFF,0x70,0x00,0x00,0x02,0x31,0x00,
  0x00,0x00,0x00,0x58,0x88,0x88,0x76,0x20,0x00,0x00,0x00,0x00,0x9F,0xFF,0xFF,0xFF,0xFB,0x30,0x00,0x00,0x00,0x9F,0xFF,0xEE,
  0xFF,0xFF,0xE4,0x00,0x00,0x00,0x9F,0xF4,0x00,0x13,0xBF,0xFE,0x20,0x00,0x00,0x9F,0xF4,0x00,0x00,0x09,0xFF,0xA0,0x00,0x00,
  0x9F,0xF4,0x00,0x00,0x01,0xEF,0xF1,0x00,0x00,0x9F,0xF4,0x00,0x00,0x00,0x9F,0xF5,0x00,0x6E,0xFF,0xFF,0xEE,0x40,0x00,0x6F,
  0xF7,0x00,0x7F,0xFF,0xFF,0xFF,0x40,0x00,0x5F,0xF8,0x00,0x36,0xCF,0xF8,0x66,0x20,0x00,0x7F,0xF7,0x00,0x00,0x9F,0xF4,0x00,
  0x00,0x00,0xBF,0xF3,0x00,0x00,0x9F,0xF4,0x00,0x00,0x04,0xFF,0xD0,0x00,0x00,0x9F,0xF4,0x00,0x00,0x4E,0xFF,0x60,0x00,0x00,
  0x9F,0xFA,0x88,0x9C,0xFF,0xFA,0x00,0x00,0x00,0x9F,0xFF,0xFF,0xFF,0xFF,0x90,0x00,0x00,0x00,0x9F,0xFF,0xFF,0xED,0x93,0x00,
  0x00,0x00,0x00,0x00,0x00,0x00,0x06,0xEE,0x60,0x00,0x00,0x00,0x00,0x01,0x17,0xFF,0x61,0x00,0x00,0x00,0x00,0x3F,0xFF,0xFF,
  0xFF,0x30,0x00,0x00,0x00,0x3D,0xDE,0xFF,0xED,0x20,0x00,0x00,0x14,0x52,0x06,0xFF,0x60,0x00,0x00,0x08,0xFF,0xFF,0x86,0xFF,
  0x60,0x00,0x00,0x9F,0xFF,0xFF,0xFD,0xFF,0x60,0x00,0x03,0xFF,0xE5,0x01,0x9F,0xFF,0x60,0x00,0x09,0xFF,0x60,0x00,0x0C,0xFF,
  0x60,0x00,0x0C,0xFF,0x10,0x00,0x07,0xFF,0x60,0x00,0x0D,0xFF,0x00,0x00,0x06,0xFF,0x60,0x00,0x0C,0xFF,0x20,0x00,0x08,0xFF,
  0x60,0x00,0x08,0xFF,0x70,0x00,0x0D,0xFF,0x60,0x00,0x02,0xFF,0xF7,0x23,0xBF,0xFF,0x60,0x00,0x00,0x8F,0xFF,0xFF,0xFC,0xFF,
  0x60,0x00,0x00,0x07,0xEF,0xFE,0x76,0xFF,0x60,0x00,0x00,0x00,0x02,0x20,0x00,0x00,0x00,0x00,0x01,0x53,0x00,0x53,0x1D,0xFF,
  0x94,0xF8,0x4F,0x9B,0xFF,0xF4,0x38,0x20,0x69,0x60,0x00,0x00,0x00,0x00,0x00,0x38,0x84,0x00,0x00,0x5F,0xF8,0x00,0x00,0x5F,
  0xF8,0x00,0x00,0x5F,0xF8,0x00,0x00,0x5F,0xF8,0x00,0x00,0x5F,0xF8,0x00,0x00,0x5F,0xF8,0x00,0x00,0x5F,0xF8,0x00,0x00,0x5F,
  0xF8,0x00,0x00,0x5F,0xF8,0x00,0x00,0x5F,0xF8,0x00,0x00,0x5F,0xF8,0x00,0x00,0x5F,0xF8,0x00,0x00,0x5F,0xF8,0x00,0x00,0x5F,
  0xF8,0x00,0x00,0x5F,0xF8,0x00,0x09,0xEC,0x30,0xD7,0x3F,0xDE,0xFC,0xF6,0x5E,0x42,0xCF,0xC1,0x00,0x00,0x00,0x00,0x00,0x12,
  0x21,0x00,0x00,0x4F,0xF8,0x00,0x00,0x4F,0xF8,0x00,0x00,0x4F,0xF8,0x00,0x00,0x4F,0xF8,0x00,0x00,0x4F,0xF8,0x00,0x00,0x4F,
  0xF8,0x00,0x00,0x4F,0xF8,0x00,0x00,0x4F,0xF8,0x00,0x00,0x4F,0xF8,0x00,0x00,0x4F,0xF8,0x00,0x00,0x4F,0xF8,0x00,0x00,0x00,
  0x03,0x52,0x01,0x51,0x00,0x00,0x00,0x00,0x4F,0xFE,0x67,0xF3,0x00,0x00,0x00,0x00,0x9F,0x7D,0xFF,0xE1,0x00,0x00,0x00,0x00,
  0x68,0x01,0x79,0x30,0x00,0x00,0x00,0x00,0x00,0x00,0x00,0x00,0x00,0x00,0x03,0x88,0x40,0x00,0x00,0x07,0x88,0x00,0x05,0xFF,
  0x80,0x00,0x00,0x0C,0xFF,0x00,0x05,0xFF,0x80,0x00,0x00,0x0C,0xFF,0x00,0x05,0xFF,0x80,0x00,0x00,0x0C,0xFF,0x00,0x05,0xFF,
  0x80,0x00,0x00,0x0C,0xFF,0x00,0x05,0xFF,0x80,0x00,0x00,0x0C,0xFF,0x00,0x05,0xFF,0x80,0x00,0x00,0x0C,0xFF,0x00,0x05,0xFF,
  0x80,0x00,0x00,0x0C,0xFF,0x00,0x05,0xFF,0x80,0x00,0x00,0x0C,0xFF,0x00,0x05,0xFF,0x80,0x00,0x00,0x0C,0xFF,0x00,0x05,0xFF,
  0x80,0x00,0x00,0x0D,0xFE,0x00,0x03,0xFF,0xB0,0x00,0x00,0x1F,0xFD,0x00,0x00,0xEF,0xF5,0x00,0x00,0xAF,0xF9,0x00,0x00,0x8F,
  0xFF,0xB8,0x9D,0xFF,0xF3,0x00,0x00,0x0B,0xFF,0xFF,0xFF,0xFF,0x60,0x00,0x00,0x00,0x6C,0xFF,0xFF,0xB3,0x00,0x00,0x00,0x00,
  0x00,0x13,0x20,0x00,0x00,0x00,0x00,0x06,0xED,0x50,0xBB,0x00,0x00,0x00,0x0E,0xEE,0xFC,0xFA,0x00,0x00,0x00,0x2E,0x71,0xAF,
  0xE3,0x00,0x00,0x00,0x00,0x00,0x00,0x00,0x00,0x00,0x01,0x22,0x10,0x00,0x12,0x20,0x00,0x07,0xFF,0x50,0x00,0xAF,0xF2,0x00,
  0x07,0xFF,0x50,0x00,0xAF,0xF2,0x00,0x07,0xFF,0x50,0x00,0xAF,0xF2,0x00,0x07,0xFF,0x50,0x00,0xAF,0xF2,0x00,0x07,0xFF,0x50,
  0x00,0xAF,0xF2,0x00,0x07,0xFF,0x50,0x00,0xAF,0xF2,0x00,0x07,0xFF,0x50,0x00,0xBF,0xF2,0x00,0x07,0xFF,0x60,0x00,0xEF,0xF2,
  0x00,0x05,0xFF,0xD4,0x29,0xFF,0xF2,0x00,0x01,0xDF,0xFF,0xFE,0xCF,0xF2,0x00,0x00,0x4D,0xFF,0xE4,0xAF,0xF2,0x00,0x00,0x00,
  0x22,0x00,0x00,0x00,0x00,0x00,0x00,0x00,0x00,0x00,0x00,0x0C,0xFA,0x00,0x00,0x00,0x00,0x00,0x00,0x00,0x0D,0xFA,0x00,0x00,
  0x00,0x02,0x7A,0xBB,0xBB,0xCF,0xF7,0x00,0x00,0x01,0x9F,0xFF,0xFF,0xFF,0xFE,0x91,0x00,0x00,0x1B,0xFF,0xFF,0xDE,0xFF,0xFE,
  0x30,0x00,0x00,0x9F,0xFE,0x60,0x00,0x3C,0xFF,0xE1,0x00,0x03,0xFF,0xF3,0x00,0x00,0x00,0xBF,0xF9,0x00,0x09,0xFF,0x80,0x00,
  0x00,0x00,0x2F,0xFE,0x00,0x0D,0xFF,0x20,0x00,0x00,0x00,0x0C,0xFF,0x40,0x0F,0xFE,0x00,0x00,0x00,0x00,0x09,0xFF,0x50,0x0F,
  0xFE,0x00,0x00,0x00,0x00,0x08,0xFF,0x60,0x0E,0xFF,0x10,0x00,0x00,0x00,0x0A,0xFF,0x50,0x0B,0xFF,0x50,0x00,0x00,0x00,0x0E,
  0xFF,0x20,0x06,0xFF,0xC0,0x00,0x00,0x00,0x7F,0xFC,0x00,0x00,0xDF,0xFA,0x00,0x00,0x05,0xFF,0xF4,0x00,0x00,0x4F,0xFF,0xD8,
  0x67,0xBF,0xFF,0x90,0x00,0x00,0x04,0xEF,0xFF,0xFF,0xFF,0xF9,0x00,0x00,0x00,0x00,0x19,0xEF,0xFF,0xFB,0x40,0x00,0x00,0x00,
  0x00,0x00,0x01,0x32,0x00,0x00,0x00,0x00,0x00,0x00,0x00,0x00,0x00,0x59,0x60,0x00,0x00,0x00,0x00,0x00,0x9F,0xB0,0x00,0x00,
  0x03,0x45,0x56,0xDF,0x90,0x00,0x05,0xDF,0xFF,0xFF,0xFE,0x30,0x00,0x6F,0xFF,0xFF,0xFF,0xF3,0x00,0x02,0xFF,0xE6,0x11,0x9F,
  0xFC,0x00,0x08,0xFF,0x60,0x00,0x0B,0xFF,0x30,0x0B,0xFF,0x10,0x00,0x06,0xFF,0x70,0x0C,0xFF,0x00,0x00,0x04,0xFF,0x80,0x0B,
  0xFF,0x10,0x00,0x06,0xFF,0x70,0x07,0xFF,0x80,0x00,0x0C,0xFF,0x30,0x01,0xEF,0xF8,0x33,0xBF,0xFB,0x00,0x00,0x5F,0xFF,0xFF,
  0xFF,0xD2,0x00,0x00,0x03,0xBF,0xFF,0xE9,0x10,0x00,0x00,0x00,0x01,0x22,0x00,0x00,0x00,0x00,0x00,0x00,0x00,0x00,0x00,0x00,
  0xBC,0x60,0x00,0x00,0x00,0x00,0x00,0x00,0x00,0xEF,0x70,0x03,0x88,0x40,0x00,0x00,0x07,0x8A,0xFF,0x50,0x05,0xFF,0x80,0x00,
  0x00,0x0C,0xFF,0xEA,0x00,0x05,0xFF,0x80,0x00,0x00,0x0C,0xFF,0x00,0x00,0x05,0xFF,0x80,0x00,0x00,0x0C,0xFF,0x00,0x00,0x05,
  0xFF,0x80,0x00,0x00,0x0C,0xFF,0x00,0x00,0x05,0xFF,0x80,0x00,0x00,0x0C,0xFF,0x00,0x00,0x05,0xFF,0x80,0x00,0x00,0x0C,0xFF,
  0x00,0x00,0x05,0xFF,0x80,0x00,0x00,0x0C,0xFF,0x00,0x00,0x05,0xFF,0x80,0x00,0x00,0x0C,0xFF,0x00,0x00,0x05,0xFF,0x80,0x00,
  0x00,0x0C,0xFF,0x00,0x00,0x05,0xFF,0x80,0x00,0x00,0x0D,0xFE,0x00,0x00,0x03,0xFF,0xB0,0x00,0x00,0x1F,0xFD,0x00,0x00,0x00,
  0xEF,0xF5,0x00,0x00,0xAF,0xF9,0x00,0x00,0x00,0x8F,0xFF,0xB8,0x9D,0xFF,0xF3,0x00,0x00,0x00,0x0B,0xFF,0xFF,0xFF,0xFF,0x60,
  0x00,0x00,0x00,0x00,0x6C,0xFF,0xFF,0xB3,0x00,0x00,0x00,0x00,0x00,0x00,0x13,0x20,0x00,0x00,0x00,0x00,0x00,0x00,0x00,0x00,
  0x00,0x06,0x61,0x00,0x00,0x00,0x00,0x00,0x0F,0xF4,0x01,0x22,0x00,0x00,0x22,0x5F,0xF3,0x0B,0xFF,0x10,0x00,0xDF,0xFF,0xC0,
  0x0B,0xFF,0x10,0x00,0xDF,0xE5,0x10,0x0B,0xFF,0x10,0x00,0xDF,0xE0,0x00,0x0B,0xFF,0x10,0x00,0xDF,0xE0,0x00,0x0B,0xFF,0x10,
  0x00,0xDF,0xE0,0x00,0x0B,0xFF,0x10,0x00,0xDF,0xE0,0x00,0x0B,0xFF,0x10,0x00,0xEF,0xE0,0x00,0x0A,0xFF,0x30,0x02,0xFF,0xE0,
  0x00,0x08,0xFF,0xB3,0x3C,0xFF,0xE0,0x00,0x03,0xFF,0xFF,0xFD,0xEF,0xE0,0x00,0x00,0x6E,0xFF,0xC2,0xDF,0xE0,0x00,0x00,0x00,
  0x32,0x00,0x00,0x00,0x00,0x00,0x00,0x00,0x88,0x87,0x00,0x00,0x00,0x00,0x00,0x04,0xFF,0xFF,0x30,0x00,0x00,0x00,0x00,0x09,
  0xFF,0xFF,0x80,0x00,0x00,0x00,0x00,0x0E,0xFE,0xEF,0xD0,0x00,0x00,0x00,0x00,0x5F,0xF9,0xAF,0xF3,0x00,0x00,0x00,0x00,0xAF,
  0xF4,0x5F,0xF8,0x00,0x00,0x00,0x01,0xEF,0xE0,0x1E,0xFD,0x00,0x00,0x00,0x05,0xFF,0x90,0x0A,0xFF,0x40,0x00,0x00,0x0A,0xFF,
  0x40,0x05,0xFF,0x90,0x00,0x00,0x1F,0xFD,0x00,0x01,0xEF,0xE0,0x00,0x00,0x6F,0xFE,0xBB,0xBB,0xEF,0xF4,0x00,0x00,0xBF,0xFF,
  0xFF,0xFF,0xFF,0xF9,0x00,0x01,0xFF,0xEB,0xBB,0xBB,0xBE,0xFE,0x00,0x06,0xFF,0x80,0x00,0x00,0x0A,0xFF,0x50,0x0B,0xFF,0x30,
  0x00,0x00,0x05,0xFF,0xA0,0x2F,0xFD,0x00,0x00,0x00,0x00,0xEF,0xE1,0x00,0x00,0x00,0x00,0x00,0x00,0x00,0x00,0x00,0x00,0x00,
  0x00,0x00,0x00,0x00,0x00,0x00,0x00,0x00,0x4E,0xE3,0x00,0x00,0x00,0x00,0x00,0x00,0x8F,0xF7,0x00,0x00,0x00,0x00,0x00,0x00,
  0x3E,0xD2,0x00,0x00,0x00,0x00,0x00,0x00,0x00,0x00,0x00,0x00,0x00,0x00,0x00,0x14,0x52,0x01,0x22,0x10,0x00,0x08,0xFF,0xFF,
  0x95,0xFF,0x70,0x00,0x8F,0xFF,0xFF,0xFD,0xFF,0x70,0x02,0xFF,0xF6,0x01,0x9F,0xFF,0x70,0x08,0xFF,0x70,0x00,0x0C,0xFF,0x70,
  0x0B,0xFF,0x20,0x00,0x06,0xFF,0x70,0x0C,0xFF,0x10,0x00,0x05,0xFF,0x70,0x0B,0xFF,0x20,0x00,0x07,0xFF,0x70,0x07,0xFF,0x80,
  0x00,0x0C,0xFF,0x70,0x02,0xFF,0xF7,0x23,0xAF,0xFF,0x70,0x00,0x7F,0xFF,0xFF,0xFC,0xFF,0x70,0x00,0x06,0xEF,0xFE,0x75,0xFF,
  0x70,0x00,0x00,0x02,0x31,0x00,0x00,0x00,0x00,0x00,0x00,0x00,0x00,0x00,0x00,0x00,0x00,0x04,0xEE,0x20,0x00,0x00,0x00,0x00,
  0x09,0xFF,0x70,0x00,0x00,0x00,0x00,0x04,0xED,0x20,0x00,0x00,0x00,0x00,0x00,0x00,0x00,0x00,0x00,0x00,0x00,0x00,0x6B,0xB6,
  0x00,0x00,0x00,0x00,0x00,0x04,0xFD,0xDF,0x60,0x00,0x00,0x00,0x00,0x04,0x82,0x4F,0x90,0x00,0x00,0x00,0x00,0x00,0x05,0xEE,
  0x30,0x00,0x00,0x00,0x00,0x00,0x0D,0xD2,0x00,0x00,0x00,0x00,0x00,0x00,0x01,0x10,0x00,0x00,0x00,0x00,0x00,0x00,0x88,0x87,
  0x00,0x00,0x00,0x00,0x00,0x04,0xFF,0xFF,0x30,0x00,0x00,0x00,0x00,0x09,0xFF,0xFF,0x80,0x00,0x00,0x00,0x00,0x0E,0xFE,0xEF,
  0xD0,0x00,0x00,0x00,0x00,0x5F,0xF9,0xAF,0xF3,0x00,0x00,0x00,0x00,0xAF,0xF4,0x5F,0xF8,0x00,0x00,0x00,0x01,0xEF,0xE0,0x1E,
  0xFD,0x00,0x00,0x00,0x05,0xFF,0x90,0x0A,0xFF,0x40,0x00,0x00,0x0A,0xFF,0x40,0x05,0xFF,0x90,0x00,0x00,0x1F,0xFD,0x00,0x01,
  0xEF,0xE0,0x00,0x00,0x6F,0xFE,0xBB,0xBB,0xEF,0xF4,0x00,0x00,0xBF,0xFF,0xFF,0xFF,0xFF,0xF9,0x00,0x01,0xFF,0xEB,0xBB,0xBB,
  0xBE,0xFE,0x00,0x06,0xFF,0x80,0x00,0x00,0x0A,0xFF,0x50,0x0B,0xFF,0x30,0x00,0x00,0x05,0xFF,0xA0,0x2F,0xFD,0x00,0x00,0x00,
  0x00,0xEF,0xE1,0x00,0x00,0x01,0x55,0x10,0x00,0x00,0x00,0x00,0x2E,0xFF,0xE2,0x00,0x00,0x00,0x00,0x6E,0x66,0xF8,0x00,0x00,
  0x00,0x00,0x00,0x1A,0xF6,0x00,0x00,0x00,0x00,0x00,0xCF,0x70,0x00,0x00,0x00,0x00,0x00,0x66,0x00,0x00,0x00,0x00,0x00,0x14,
  0x52,0x01,0x22,0x10,0x00,0x08,0xFF,0xFF,0x95,0xFF,0x70,0x00,0x8F,0xFF,0xFF,0xFD,0xFF,0x70,0x02,0xFF,0xF6,0x01,0x9F,0xFF,
  0x70,0x08,0xFF,0x70,0x00,0x0C,0xFF,0x70,0x0B,0xFF,0x20,0x00,0x06,0xFF,0x70,0x0C,0xFF,0x10,0x00,0x05,0xFF,0x70,0x0B,0xFF,
  0x20,0x00,0x07,0xFF,0x70,0x07,0xFF,0x80,0x00,0x0C,0xFF,0x70,0x02,0xFF,0xF7,0x23,0xAF,0xFF,0x70,0x00,0x7F,0xFF,0xFF,0xFC,
  0xFF,0x70,0x00,0x06,0xEF,0xFE,0x75,0xFF,0x70,0x00,0x00,0x02,0x31,0x00,0x00,0x00,0x00,0x00,0x00,0x00,0x00,0x00,0x68,0x60,
  0x00,0x00,0x00,0x00,0x00,0x03,0xFF,0x50,0x00,0x00,0x00,0x00,0x00,0x0A,0xFB,0x00,0x00,0x00,0x00,0x13,0x30,0x2F,0xF2,0x00,
  0x00,0x00,0x00,0xBF,0xFA,0x24,0x30,0x00,0x00,0x00,0x09,0xFA,0xBF,0x80,0x00,0x00,0x00,0x00,0x6F,0xC1,0x1D,0xF5,0x00,0x00,
  0x00,0x00,0x00,0x00,0x00,0x00,0x00,0x00,0x00,0x00,0x00,0x88,0x87,0x00,0x00,0x00,0x00,0x00,0x04,0xFF,0xFF,0x30,0x00,0x00,
  0x00,0x00,0x09,0xFF,0xFF,0x80,0x00,0x00,0x00,0x00,0x0E,0xFE,0xEF,0xD0,0x00,0x00,0x00,0x00,0x5F,0xF9,0xAF,0xF3,0x00,0x00,
  0x00,0x00,0xAF,0xF4,0x5F,0xF8,0x00,0x00,0x00,0x01,0xEF,0xE0,0x1E,0xFD,0x00,0x00,0x00,0x05,0xFF,0x90,0x0A,0xFF,0x40,0x00,
  0x00,0x0A,0xFF,0x40,0x05,0xFF,0x90,0x00,0x00,0x1F,0xFD,0x00,0x01,0xEF,0xE0,0x00,0x00,0x6F,0xFE,0xBB,0xBB,0xEF,0xF4,0x00,
  0x00,0xBF,0xFF,0xFF,0xFF,0xFF,0xF9,0x00,0x01,0xFF,0xEB,0xBB,0xBB,0xBE,0xFE,0x00,0x06,0xFF,0x80,0x00,0x00,0x0A,0xFF,0x50,
  0x0B,0xFF,0x30,0x00,0x00,0x05,0xFF,0xA0,0x2F,0xFD,0x00,0x00,0x00,0x00,0xEF,0xE1,0x00,0x00,0x00,0x00,0x00,0x01,0x11,0x00,
  0x00,0x00,0x00,0x00,0x1E,0xF8,0x00,0x00,0x00,0x00,0x00,0x7F,0xE1,0x00,0x00,0x00,0x00,0x00,0xEF,0x50,0x00,0x00,0x06,0xCC,
  0x43,0xB9,0x00,0x00,0x00,0x4F,0xEE,0xE3,0x00,0x00,0x00,0x02,0xEF,0x35,0xFD,0x10,0x00,0x00,0x04,0x64,0x00,0x46,0x40,0x00,
  0x00,0x00,0x14,0x52,0x01,0x22,0x10,0x00,0x08,0xFF,0xFF,0x95,0xFF,0x70,0x00,0x8F,0xFF,0xFF,0xFD,0xFF,0x70,0x02,0xFF,0xF6,
  0x01,0x9F,0xFF,0x70,0x08,0xFF,0x70,0x00,0x0C,0xFF,0x70,0x0B,0xFF,0x20,0x00,0x06,0xFF,0x70,0x0C,0xFF,0x10,0x00,0x05,0xFF,
  0x70,0x0B,0xFF,0x20,0x00,0x07,0xFF,0x70,0x07,0xFF,0x80,0x00,0x0C,0xFF,0x70,0x02,0xFF,0xF7,0x23,0xAF,0xFF,0x70,0x00,0x7F,
  0xFF,0xFF,0xFC,0xFF,0x70,0x00,0x06,0xEF,0xFE,0x75,0xFF,0x70,0x00,0x00,0x02,0x31,0x00,0x00,0x00,0x00,0x00,0x00,0x00,0x17,
  0x84,0x00,0x00,0x00,0x00,0x00,0x00,0x09,0xFD,0x00,0x00,0x00,0x00,0x00,0x00,0x01,0xEF,0x50,0x00,0x00,0x00,0x00,0x13,0x30,
  0x7F,0xC0,0x00,0x00,0x00,0x00,0xBF,0xFA,0x04,0x40,0x00,0x00,0x00,0x09,0xFA,0xBF,0x80,0x00,0x00,0x00,0x00,0x6F,0xC1,0x1D,
  0xF5,0x00,0x00,0x00,0x00,0x00,0x00,0x00,0x00,0x00,0x00,0x00,0x00,0x00,0x88,0x87,0x00,0x00,0x00,0x00,0x00,0x04,0xFF,0xFF,
  0x30,0x00,0x00,0x00,0x00,0x09,0xFF,0xFF,0x80,0x00,0x00,0x00,0x00,0x0E,0xFE,0xEF,0xD0,0x00,0x00,0x00,0x00,0x5F,0xF9,0xAF,
  0xF3,0x00,0x00,0x00,0x00,0xAF,0xF4,0x5F,0xF8,0x00,0x00,0x00,0x01,0xEF,0xE0,0x1E,0xFD,0x00,0x00,0x00,0x05,0xFF,0x90,0x0A,
  0xFF,0x40,0x00,0x00,0x0A,0xFF,0x40,0x05,0xFF,0x90,0x00,0x00,0x1F,0xFD,0x00,0x01,0xEF,0xE0,0x00,0x00,0x6F,0xFE,0xBB,0xBB,
  0xEF,0xF4,0x00,0x00,0xBF,0xFF,0xFF,0xFF,0xFF,0xF9,0x00,0x01,0xFF,0xEB,0xBB,0xBB,0xBE,0xFE,0x00,0x06,0xFF,0x80,0x00,0x00,
  0x0A,0xFF,0x50,0x0B,0xFF,0x30,0x00,0x00,0x05,0xFF,0xA0,0x2F,0xFD,0x00,0x00,0x00,0x00,0xEF,0xE1,0x00,0x00,0x00,0x00,0x11,
  0x10,0x00,0x00,0x00,0x00,0x00,0xDF,0xA0,0x00,0x00,0x00,0x00,0x00,0x5F,0xF2,0x00,0x00,0x00,0x00,0x00,0x0B,0xF9,0x00,0x00,
  0x00,0x06,0xCC,0x42,0xBA,0x00,0x00,0x00,0x4F,0xEE,0xE3,0x00,0x00,0x00,0x02,0xEF,0x34,0xFD,0x10,0x00,0x00,0x04,0x64,0x00,
  0x46,0x40,0x00,0x00,0x00,0x14,0x52,0x01,0x22,0x10,0x00,0x08,0xFF,0xFF,0x95,0xFF,0x70,0x00,0x8F,0xFF,0xFF,0xFD,0xFF,0x70,
  0x02,0xFF,0xF6,0x01,0x9F,0xFF,0x70,0x08,0xFF,0x70,0x00,0x0C,0xFF,0x70,0x0B,0xFF,0x20,0x00,0x06,0xFF,0x70,0x0C,0xFF,0x10,
  0x00,0x05,0xFF,0x70,0x0B,0xFF,0x20,0x00,0x07,0xFF,0x70,0x07,0xFF,0x80,0x00,0x0C,0xFF,0x70,0x02,0xFF,0xF7,0x23,0xAF,0xFF,
  0x70,0x00,0x7F,0xFF,0xFF,0xFC,0xFF,0x70,0x00,0x06,0xEF,0xFE,0x75,0xFF,0x70,0x00,0x00,0x02,0x31,0x00,0x00,0x00,0x00,0x00,
  0x00,0x00,0x00,0x14,0x30,0x00,0x00,0x00,0x00,0x00,0x03,0xEF,0xFB,0x00,0x00,0x00,0x00,0x00,0x0A,0xF5,0xAF,0x50,0x00,0x00,
  0x00,0x00,0x00,0x01,0xBF,0x30,0x00,0x00,0x00,0x13,0x30,0x0E,0xE6,0x00,0x00,0x00,0x00,0xBF,0xF9,0x19,0x50,0x00,0x00,0x00,
  0x09,0xFA,0xCF,0x70,0x00,0x00,0x00,0x00,0x7F,0xC0,0x1D,0xF4,0x00,0x00,0x00,0x00,0x00,0x00,0x00,0x00,0x00,0x00,0x00,0x00,
  0x00,0x88,0x87,0x00,0x00,0x00,0x00,0x00,0x04,0xFF,0xFF,0x30,0x00,0x00,0x00,0x00,0x09,0xFF,0xFF,0x80,0x00,0x00,0x00,0x00,
  0x0E,0xFE,0xEF,0xD0,0x00,0x00,0x00,0x00,0x5F,0xF9,0xAF,0xF3,0x00,0x00,0x00,0x00,0xAF,0xF4,0x5F,0xF8,0x00,0x00,0x00,0x01,
  0xEF,0xE0,0x1E,0xFD,0x00,0x00,0x00,0x05,0xFF,0x90,0x0A,0xFF,0x40,0x00,0x00,0x0A,0xFF,0x40,0x05,0xFF,0x90,0x00,0x00,0x1F,
  0xFD,0x00,0x01,0xEF,0xE0,0x00,0x00,0x6F,0xFE,0xBB,0xBB,0xEF,0xF4,0x00,0x00,0xBF,0xFF,0xFF,0xFF,0xFF,0xF9,0x00,0x01,0xFF,
  0xEB,0xBB,0xBB,0xBE,0xFE,0x00,0x06,0xFF,0x80,0x00,0x00,0x0A,0xFF,0x50,0x0B,0xFF,0x30,0x00,0x00,0x05,0xFF,0xA0,0x2F,0xFD,
  0x00,0x00,0x00,0x00,0xEF,0xE1,0x00,0x00,0x00,0x00,0x19,0xDC,0x50,0x00,0x00,0x00,0x00,0x8F,0xAD,0xF3,0x00,0x00,0x00,0x00,
  0x56,0x08,0xF5,0x00,0x00,0x00,0x00,0x00,0x9F,0xB0,0x00,0x00,0x06,0xCC,0x42,0xFA,0x00,0x00,0x00,0x4F,0xDF,0xE2,0x00,0x00,
  0x00,0x03,0xEE,0x35,0xFD,0x10,0x00,0x00,0x05,0x63,0x00,0x56,0x30,0x00,0x00,0x00,0x14,0x52,0x01,0x22,0x10,0x00,0x08,0xFF,
  0xFF,0x95,0xFF,0x70,0x00,0x8F,0xFF,0xFF,0xFD,0xFF,0x70,0x02,0xFF,0xF6,0x01,0x9F,0xFF,0x70,0x08,0xFF,0x70,0x00,0x0C,0xFF,
  0x70,0x0B,0xFF,0x20,0x00,0x06,0xFF,0x70,0x0C,0xFF,0x10,0x00,0x05,0xFF,0x70,0x0B,0xFF,0x20,0x00,0x07,0xFF,0x70,0x07,0xFF,
  0x80,0x00,0x0C,0xFF,0x70,0x02,0xFF,0xF7,0x23,0xAF,0xFF,0x70,0x00,0x7F,0xFF,0xFF,0xFC,0xFF,0x70,0x00,0x06,0xEF,0xFE,0x75,
  0xFF,0x70,0x00,0x00,0x02,0x31,0x00,0x00,0x00,0x00,0x00,0x00,0x00,0x00,0x00,0x00,0x00,0x00,0x00,0x0B,0xFC,0x23,0xE6,0x00,
  0x00,0x00,0x00,0x5F,0xDF,0xED,0xF4,0x00,0x00,0x00,0x00,0x7E,0x13,0xCF,0xA0,0x00,0x00,0x00,0x00,0x00,0x13,0x31,0x00,0x00,
  0x00,0x00,0x00,0x00,0xBF,0xFA,0x00,0x00,0x00,0x00,0x00,0x09,0xFA,0xBF,0x70,0x00,0x00,0x00,0x00,0x6F,0xC1,0x1D,0xF5,0x00,
  0x00,0x00,0x00,0x00,0x00,0x00,0x00,0x00,0x00,0x00,0x00,0x00,0x88,0x87,0x00,0x00,0x00,0x00,0x00,0x04,0xFF,0xFF,0x30,0x00,
  0x00,0x00,0x00,0x09,0xFF,0xFF,0x80,0x00,0x00,0x00,0x00,0x0E,0xFE,0xEF,0xD0,0x00,0x00,0x00,0x00,0x5F,0xF9,0xAF,0xF3,0x00,
  0x00,0x00,0x00,0xAF,0xF4,0x5F,0xF8,0x00,0x00,0x00,0x01,0xEF,0xE0,0x1E,0xFD,0x00,0x00,0x00,0x05,0xFF,0x90,0x0A,0xFF,0x40,
  0x00,0x00,0x0A,0xFF,0x40,0x05,0xFF,0x90,0x00,0x00,0x1F,0xFD,0x00,0x01,0xEF,0xE0,0x00,0x00,0x6F,0xFE,0xBB,0xBB,0xEF,0xF4,
  0x00,0x00,0xBF,0xFF,0xFF,0xFF,0xFF,0xF9,0x00,0x01,0xFF,0xEB,0xBB,0xBB,0xBE,0xFE,0x00,0x06,0xFF,0x80,0x00,0x00,0x0A,0xFF,
  0x50,0x0B,0xFF,0x30,0x00,0x00,0x05,0xFF,0xA0,0x2F,0xFD,0x00,0x00,0x00,0x00,0xEF,0xE1,0x00,0x00,0x59,0x50,0x18,0x30,0x00,
  0x00,0x03,0xFF,0xFA,0x8F,0x50,0x00,0x00,0x07,0xF5,0x9F,0xFE,0x10,0x00,0x00,0x03,0x50,0x03,0x62,0x00,0x00,0x00,0x00,0x06,
  0xCC,0x40,0x00,0x00,0x00,0x00,0x4F,0xEE,0xE2,0x00,0x00,0x00,0x02,0xEE,0x35,0xFD,0x10,0x00,0x00,0x04,0x64,0x00,0x56,0x30,
  0x00,0x00,0x00,0x14,0x52,0x01,0x22,0x10,0x00,0x08,0xFF,0xFF,0x95,0xFF,0x70,0x00,0x8F,0xFF,0xFF,0xFD,0xFF,0x70,0x02,0xFF,
  0xF6,0x01,0x9F,0xFF,0x70,0x08,0xFF,0x70,0x00,0x0C,0xFF,0x70,0x0B,0xFF,0x20,0x00,0x06,0xFF,0x70,0x0C,0xFF,0x10,0x00,0x05,
  0xFF,0x70,0x0B,0xFF,0x20,0x00,0x07,0xFF,0x70,0x07,0xFF,0x80,0x00,0x0C,0xFF,0x70,0x02,0xFF,0xF7,0x23,0xAF,0xFF,0x70,0x00,
  0x7F,0xFF,0xFF,0xFC,0xFF,0x70,0x00,0x06,0xEF,0xFE,0x75,0xFF,0x70,0x00,0x00,0x02,0x31,0x00,0x00,0x00,0x00,0x00,0x00,0x13,
  0x30,0x00,0x00,0x00,0x00,0x00,0x00,0xBF,0xFA,0x00,0x00,0x00,0x00,0x00,0x09,0xFA,0xBF,0x80,0x00,0x00,0x00,0x00,0x6F,0xC1,
  0x1D,0xF5,0x00,0x00,0x00,0x00,0x00,0x00,0x00,0x00,0x00,0x00,0x00,0x00,0x00,0x88,0x87,0x00,0x00,0x00,0x00,0x00,0x04,0xFF,
  0xFF,0x30,0x00,0x00,0x00,0x00,0x09,0xFF,0xFF,0x80,0x00,0x00,0x00,0x00,0x0E,0xFE,0xEF,0xD0,0x00,0x00,0x00,0x00,0x5F,0xF9,
  0xAF,0xF3,0x00,0x00,0x00,0x00,0xAF,0xF4,0x5F,0xF8,0x00,0x00,0x00,0x01,0xEF,0xE0,0x1E,0xFD,0x00,0x00,0x00,0x05,0xFF,0x90,
  0x0A,0xFF,0x40,0x00,0x00,0x0A,0xFF,0x40,0x05,0xFF,0x90,0x00,0x00,0x1F,0xFD,0x00,0x01,0xEF,0xE0,0x00,0x00,0x6F,0xFE,0xBB,
  0xBB,0xEF,0xF4,0x00,0x00,0xBF,0xFF,0xFF,0xFF,0xFF,0xF9,0x00,0x01,0xFF,0xEB,0xBB,0xBB,0xBE,0xFE,0x00,0x06,0xFF,0x80,0x00,
  0x00,0x0A,0xFF,0x50,0x0B,0xFF,0x30,0x00,0x00,0x05,0xFF,0xA0,0x2F,0xFD,0x00,0x00,0x00,0x00,0xEF,0xE1,0x00,0x00,0x00,0x00,
  0x00,0x00,0x00,0x00,0x00,0x00,0x00,0x00,0x00,0x00,0x00,0x00,0x00,0x00,0x00,0x4E,0xE3,0x00,0x00,0x00,0x00,0x00,0x00,0x8F,
  0xF7,0x00,0x00,0x00,0x00,0x00,0x00,0x3E,0xD2,0x00,0x00,0x00,0x00,0x00,0x00,0x00,0x00,0x00,0x00,0x00,0x00,0x00,0x01,0x44,
  0x10,0x00,0x00,0x00,0x00,0x0B,0xFF,0x90,0x00,0x00,0x00,0x00,0x7F,0xBC,0xF5,0x00,0x00,0x00,0x03,0xFE,0x23,0xFE,0x20,0x00,
  0x00,0x04,0x64,0x00,0x46,0x40,0x00,0x00,0x00,0x14,0x52,0x01,0x22,0x10,0x00,0x08,0xFF,0xFF,0x95,0xFF,0x70,0x00,0x8F,0xFF,
  0xFF,0xFD,0xFF,0x70,0x02,0xFF,0xF6,0x01,0x9F,0xFF,0x70,0x08,0xFF,0x70,0x00,0x0C,0xFF,0x70,0x0B,0xFF,0x20,0x00,0x06,0xFF,
  0x70,0x0C,0xFF,0x10,0x00,0x05,0xFF,0x70,0x0B,0xFF,0x20,0x00,0x07,0xFF,0x70,0x07,0xFF,0x80,0x00,0x0C,0xFF,0x70,0x02,0xFF,
  0xF7,0x23,0xAF,0xFF,0x70,0x00,0x7F,0xFF,0xFF,0xFC,0xFF,0x70,0x00,0x06,0xEF,0xFE,0x75,0xFF,0x70,0x00,0x00,0x02,0x31,0x00,
  0x00,0x00,0x00,0x00,0x00,0x00,0x00,0x00,0x00,0x00,0x00,0x04,0xEE,0x20,0x00,0x00,0x00,0x00,0x09,0xFF,0x70,0x00,0x00,0x00,
  0x00,0x04,0xED,0x20,0x00,0x00,0x00,0x00,0x00,0x00,0x00,0x00,0x00,0x00,0x00,0x00,0x00,0x59,0x91,0x00,0x00,0x00,0x00,0x00,
  0x00,0xDF,0x90,0x00,0x00,0x00,0x00,0x00,0x05,0xFE,0x10,0x00,0x00,0x00,0x00,0x00,0x0C,0xF6,0x00,0x00,0x00,0x00,0x00,0x23,
  0x12,0x21,0x32,0x00,0x00,0x00,0x00,0x8F,0x70,0x08,0xF7,0x00,0x00,0x00,0x00,0x2F,0xFB,0xBF,0xE1,0x00,0x00,0x00,0x00,0x04,
  0xBE,0xEB,0x30,0x00,0x00,0x00,0x00,0x00,0x00,0x00,0x00,0x00,0x00,0x00,0x00,0x00,0x88,0x87,0x00,0x00,0x00,0x00,0x00,0x04,
  0xFF,0xFF,0x30,0x00,0x00,0x00,0x00,0x09,0xFF,0xFF,0x80,0x00,0x00,0x00,0x00,0x0E,0xFE,0xEF,0xD0,0x00,0x00,0x00,0x00,0x5F,
  0xF9,0xAF,0xF3,0x00,0x00,0x00,0x00,0xAF,0xF4,0x5F,0xF8,0x00,0x00,0x00,0x01,0xEF,0xE0,0x1E,0xFD,0x00,0x00,0x00,0x05,0xFF,
  0x90,0x0A,0xFF,0x40,0x00,0x00,0x0A,0xFF,0x40,0x05,0xFF,0x90,0x00,0x00,0x1F,0xFD,0x00,0x01,0xEF,0xE0,0x00,0x00,0x6F,0xFE,
  0xBB,0xBB,0xEF,0xF4,0x00,0x00,0xBF,0xFF,0xFF,0xFF,0xFF,0xF9,0x00,0x01,0xFF,0xEB,0xBB,0xBB,0xBE,0xFE,0x00,0x06,0xFF,0x80,
  0x00,0x00,0x0A,0xFF,0x50,0x0B,0xFF,0x30,0x00,0x00,0x05,0xFF,0xA0,0x2F,0xFD,0x00,0x00,0x00,0x00,0xEF,0xE1,0x00,0x00,0x00,
  0x01,0x33,0x10,0x00,0x00,0x00,0x00,0x0B,0xFC,0x00,0x00,0x00,0x00,0x00,0x3F,0xF4,0x00,0x00,0x00,0x00,0x00,0xAF,0xA0,0x00,
  0x00,0x00,0x00,0x00,0x89,0x10,0x00,0x00,0x00,0x07,0xC3,0x00,0x5C,0x60,0x00,0x00,0x06,0xFC,0x45,0xEF,0x30,0x00,0x00,0x00,
  0xAF,0xFF,0xF8,0x00,0x00,0x00,0x00,0x03,0x65,0x20,0x00,0x00,0x00,0x00,0x14,0x52,0x01,0x22,0x10,0x00,0x08,0xFF,0xFF,0x95,
  0xFF,0x70,0x00,0x8F,0xFF,0xFF,0xFD,0xFF,0x70,0x02,0xFF,0xF6,0x01,0x9F,0xFF,0x70,0x08,0xFF,0x70,0x00,0x0C,0xFF,0x70,0x0B,
  0xFF,0x20,0x00,0x06,0xFF,0x70,0x0C,0xFF,0x10,0x00,0x05,0xFF,0x70,0x0B,0xFF,0x20,0x00,0x07,0xFF,0x70,0x07,0xFF,0x80,0x00,
  0x0C,0xFF,0x70,0x02,0xFF,0xF7,0x23,0xAF,0xFF,0x70,0x00,0x7F,0xFF,0xFF,0xFC,0xFF,0x70,0x00,0x06,0xEF,0xFE,0x75,0xFF,0x70,
  0x00,0x00,0x02,0x31,0x00,0x00,0x00,0x00,0x00,0x19,0x94,0x00,0x00,0x00,0x00,0x00,0x00,0x0A,0xFD,0x00,0x00,0x00,0x00,0x00,
  0x00,0x02,0xEF,0x50,0x00,0x00,0x00,0x00,0x00,0x00,0x7F,0xC0,0x00,0x00,0x00,0x00,0x00,0x23,0x12,0x21,0x32,0x00,0x00,0x00,
  0x00,0x9F,0x70,0x09,0xF7,0x00,0x00,0x00,0x00,0x2F,0xFB,0xBF,0xE1,0x00,0x00,0x00,0x00,0x04,0xCE,0xEB,0x30,0x00,0x00,0x00,
  0x00,0x00,0x00,0x00,0x00,0x00,0x00,0x00,0x00,0x00,0x88,0x87,0x00,0x00,0x00,0x00,0x00,0x04,0xFF,0xFF,0x30,0x00,0x00,0x00,
  0x00,0x09,0xFF,0xFF,0x80,0x00,0x00,0x00,0x00,0x0E,0xFE,0xEF,0xD0,0x00,0x00,0x00,0x00,0x5F,0xF9,0xAF,0xF3,0x00,0x00,0x00,
  0x00,0xAF,0xF4,0x5F,0xF8,0x00,0x00,0x00,0x01,0xEF,0xE0,0x1E,0xFD,0x00,0x00,0x00,0x05,0xFF,0x90,0x0A,0xFF,0x40,0x00,0x00,
  0x0A,0xFF,0x40,0x05,0xFF,0x90,0x00,0x00,0x1F,0xFD,0x00,0x01,0xEF,0xE0,0x00,0x00,0x6F,0xFE,0xBB,0xBB,0xEF,0xF4,0x00,0x00,
  0xBF,0xFF,0xFF,0xFF,0xFF,0xF9,0x00,0x01,0xFF,0xEB,0xBB,0xBB,0xBE,0xFE,0x00,0x06,0xFF,0x80,0x00,0x00,0x0A,0xFF,0x50,0x0B,
  0xFF,0x30,0x00,0x00,0x05,0xFF,0xA0,0x2F,0xFD,0x00,0x00,0x00,0x00,0xEF,0xE1,0x00,0x01,0x33,0x10,0x00,0x00,0x00,0x00,0x01,
  0xDF,0xA0,0x00,0x00,0x00,0x00,0x00,0x5F,0xF2,0x00,0x00,0x00,0x00,0x00,0x0B,0xF8,0x00,0x00,0x00,0x00,0x00,0x02,0x98,0x00,
  0x00,0x00,0x00,0x08,0xC3,0x00,0x5C,0x60,0x00,0x00,0x06,0xFC,0x45,0xEF,0x30,0x00,0x00,0x00,0xAF,0xFF,0xF8,0x00,0x00,0x00,
  0x00,0x03,0x65,0x20,0x00,0x00,0x00,0x00,0x14,0x52,0x01,0x22,0x10,0x00,0x08,0xFF,0xFF,0x95,0xFF,0x70,0x00,0x8F,0xFF,0xFF,
  0xFD,0xFF,0x70,0x02,0xFF,0xF6,0x01,0x9F,0xFF,0x70,0x08,0xFF,0x70,0x00,0x0C,0xFF,0x70,0x0B,0xFF,0x20,0x00,0x06,0xFF,0x70,
  0x0C,0xFF,0x10,0x00,0x05,0xFF,0x70,0x0B,0xFF,0x20,0x00,0x07,0xFF,0x70,0x07,0xFF,0x80,0x00,0x0C,0xFF,0x70,0x02,0xFF,0xF7,
  0x23,0xAF,0xFF,0x70,0x00,0x7F,0xFF,0xFF,0xFC,0xFF,0x70,0x00,0x06,0xEF,0xFE,0x75,0xFF,0x70,0x00,0x00,0x02,0x31,0x00,0x00,
  0x00,0x00,0x00,0x00,0x27,0x72,0x00,0x00,0x00,0x00,0x00,0x02,0xEF,0xFF,0x30,0x00,0x00,0x00,0x00,0x06,0xC4,0x5F,0x80,0x00,
  0x00,0x00,0x00,0x00,0x02,0xBF,0x50,0x00,0x00,0x00,0x00,0x00,0x0C,0xE5,0x00,0x00,0x00,0x00,0x00,0x23,0x15,0x41,0x32,0x00,
  0x00,0x00,0x00,0x9F,0x70,0x09,0xF7,0x00,0x00,0x00,0x00,0x2F,0xFB,0xBF,0xE1,0x00,0x00,0x00,0x00,0x04,0xCE,0xEB,0x30,0x00,
  0x00,0x00,0x00,0x00,0x00,0x00,0x00,0x00,0x00,0x00,0x00,0x00,0x88,0x87,0x00,0x00,0x00,0x00,0x00,0x04,0xFF,0xFF,0x30,0x00,
  0x00,0x00,0x00,0x09,0xFF,0xFF,0x80,0x00,0x00,0x00,0x00,0x0E,0xFE,0xEF,0xD0,0x00,0x00,0x00,0x00,0x5F,0xF9,0xAF,0xF3,0x00,
  0x00,0x00,0x00,0xAF,0xF4,0x5F,0xF8,0x00,0x00,0x00,0x01,0xEF,0xE0,0x1E,0xFD,0x00,0x00,0x00,0x05,0xFF,0x90,0x0A,0xFF,0x40,
  0x00,0x00,0x0A,0xFF,0x40,0x05,0xFF,0x90,0x00,0x00,0x1F,0xFD,0x00,0x01,0xEF,0xE0,0x00,0x00,0x6F,0xFE,0xBB,0xBB,0xEF,0xF4,
  0x00,0x00,0xBF,0xFF,0xFF,0xFF,0xFF,0xF9,0x00,0x01,0xFF,0xEB,0xBB,0xBB,0xBE,0xFE,0x00,0x06,0xFF,0x80,0x00,0x00,0x0A,0xFF,
  0x50,0x0B,0xFF,0x30,0x00,0x00,0x05,0xFF,0xA0,0x2F,0xFD,0x00,0x00,0x00,0x00,0xEF,0xE1,0x00,0x00,0x00,0x11,0x00,0x00,0x00,
  0x00,0x00,0x0A,0xFF,0xA1,0x00,0x00,0x00,0x00,0x6F,0x9A,0xF7,0x00,0x00,0x00,0x00,0x23,0x07,0xF7,0x00,0x00,0x00,0x00,0x00,
  0x9F,0xB1,0x00,0x00,0x00,0x00,0x00,0xB9,0x00,0x00,0x00,0x00,0x08,0xC3,0x00,0x5C,0x60,0x00,0x00,0x06,0xFC,0x45,0xEF,0x30,
  0x00,0x00,0x00,0xAF,0xFF,0xF8,0x00,0x00,0x00,0x00,0x03,0x65,0x20,0x00,0x00,0x00,0x00,0x14,0x52,0x01,0x22,0x10,0x00,0x08,
  0xFF,0xFF,0x95,0xFF,0x70,0x00,0x8F,0xFF,0xFF,0xFD,0xFF,0x70,0x02,0xFF,0xF6,0x01,0x9F,0xFF,0x70,0x08,0xFF,0x70,0x00,0x0C,
  0xFF,0x70,0x0B,0xFF,0x20,0x00,0x06,0xFF,0x70,0x0C,0xFF,0x10,0x00,0x05,0xFF,0x70,0x0B,0xFF,0x20,0x00,0x07,0xFF,0x70,0x07,
  0xFF,0x80,0x00,0x0C,0xFF,0x70,0x02,0xFF,0xF7,0x23,0xAF,0xFF,0x70,0x00,0x7F,0xFF,0xFF,0xFC,0xFF,0x70,0x00,0x06,0xEF,0xFE,
  0x75,0xFF,0x70,0x00,0x00,0x02,0x31,0x00,0x00,0x00,0x00,0x00,0x01,0x31,0x00,0x21,0x00,0x00,0x00,0x00,0x1D,0xFE,0x53,0xF7,
  0x00,0x00,0x00,0x00,0x5F,0xAD,0xFF,0xF4,0x00,0x00,0x00,0x00,0x5B,0x11,0x9C,0x80,0x00,0x00,0x00,0x00,0x23,0x10,0x01,0x32,
  0x00,0x00,0x00,0x00,0x8F,0x70,0x08,0xF7,0x00,0x00,0x00,0x00,0x2F,0xFB,0xBF,0xE1,0x00,0x00,0x00,0x00,0x04,0xBE,0xEB,0x30,
  0x00,0x00,0x00,0x00,0x00,0x00,0x00,0x00,0x00,0x00,0x00,0x00,0x00,0x88,0x87,0x00,0x00,0x00,0x00,0x00,0x04,0xFF,0xFF,0x30,
  0x00,0x00,0x00,0x00,0x09,0xFF,0xFF,0x80,0x00,0x00,0x00,0x00,0x0E,0xFE,0xEF,0xD0,0x00,0x00,0x00,0x00,0x5F,0xF9,0xAF,0xF3,
  0x00,0x00,0x00,0x00,0xAF,0xF4,0x5F,0xF8,0x00,0x00,0x00,0x01,0xEF,0xE0,0x1E,0xFD,0x00,0x00,0x00,0x05,0xFF,0x90,0x0A,0xFF,
  0x40,0x00,0x00,0x0A,0xFF,0x40,0x05,0xFF,0x90,0x00,0x00,0x1F,0xFD,0x00,0x01,0xEF,0xE0,0x00,0x00,0x6F,0xFE,0xBB,0xBB,0xEF,
  0xF4,0x00,0x00,0xBF,0xFF,0xFF,0xFF,0xFF,0xF9,0x00,0x01,0xFF,0xEB,0xBB,0xBB,0xBE,0xFE,0x00,0x06,0xFF,0x80,0x00,0x00,0x0A,
  0xFF,0x50,0x0B,0xFF,0x30,0x00,0x00,0x05,0xFF,0xA0,0x2F,0xFD,0x00,0x00,0x00,0x00,0xEF,0xE1,0x00,0x00,0x8C,0x81,0x2B,0x50,
  0x00,0x00,0x04,0xFF,0xFD,0xAF,0x50,0x00,0x00,0x07,0xF2,0x6E,0xFD,0x10,0x00,0x00,0x01,0x20,0x01,0x31,0x00,0x00,0x00,0x07,
  0xC3,0x00,0x5C,0x60,0x00,0x00,0x06,0xFC,0x45,0xEF,0x30,0x00,0x00,0x00,0xAF,0xFF,0xF8,0x00,0x00,0x00,0x00,0x03,0x65,0x20,
  0x00,0x00,0x00,0x00,0x14,0x52,0x01,0x22,0x10,0x00,0x08,0xFF,0xFF,0x95,0xFF,0x70,0x00,0x8F,0xFF,0xFF,0xFD,0xFF,0x70,0x02,
  0xFF,0xF6,0x01,0x9F,0xFF,0x70,0x08,0xFF,0x70,0x00,0x0C,0xFF,0x70,0x0B,0xFF,0x20,0x00,0x06,0xFF,0x70,0x0C,0xFF,0x10,0x00,
  0x05,0xFF,0x70,0x0B,0xFF,0x20,0x00,0x07,0xFF,0x70,0x07,0xFF,0x80,0x00,0x0C,0xFF,0x70,0x02,0xFF,0xF7,0x23,0xAF,0xFF,0x70,
  0x00,0x7F,0xFF,0xFF,0xFC,0xFF,0x70,0x00,0x06,0xEF,0xFE,0x75,0xFF,0x70,0x00,0x00,0x02,0x31,0x00,0x00,0x00,0x00,0x00,0x23,
  0x10,0x01,0x32,0x00,0x00,0x00,0x00,0x8F,0x70,0x08,0xF7,0x00,0x00,0x00,0x00,0x2F,0xFB,0xBF,0xE1,0x00,0x00,0x00,0x00,0x04,
  0xBE,0xEB,0x30,0x00,0x00,0x00,0x00,0x00,0x00,0x00,0x00,0x00,0x00,0x00,0x00,0x00,0x88,0x87,0x00,0x00,0x00,0x00,0x00,0x04,
  0xFF,0xFF,0x30,0x00,0x00,0x00,0x00,0x09,0xFF,0xFF,0x80,0x00,0x00,0x00,0x00,0x0E,0xFE,0xEF,0xD0,0x00,0x00,0x00,0x00,0x5F,
  0xF9,0xAF,0xF3,0x00,0x00,0x00,0x00,0xAF,0xF4,0x5F,0xF8,0x00,0x00,0x00,0x01,0xEF,0xE0,0x1E,0xFD,0x00,0x00,0x00,0x05,0xFF,
  0x90,0x0A,0xFF,0x40,0x00,0x00,0x0A,0xFF,0x40,0x05,0xFF,0x90,0x00,0x00,0x1F,0xFD,0x00,0x01,0xEF,0xE0,0x00,0x00,0x6F,0xFE,
  0xBB,0xBB,0xEF,0xF4,0x00,0x00,0xBF,0xFF,0xFF,0xFF,0xFF,0xF9,0x00,0x01,0xFF,0xEB,0xBB,0xBB,0xBE,0xFE,0x00,0x06,0xFF,0x80,
  0x00,0x00,0x0A,0xFF,0x50,0x0B,0xFF,0x30,0x00,0x00,0x05,0xFF,0xA0,0x2F,0xFD,0x00,0x00,0x00,0x00,0xEF,0xE1,0x00,0x00,0x00,
  0x00,0x00,0x00,0x00,0x00,0x00,0x00,0x00,0x00,0x00,0x00,0x00,0x00,0x00,0x00,0x00,0x4E,0xE3,0x00,0x00,0x00,0x00,0x00,0x00,
  0x8F,0xF7,0x00,0x00,0x00,0x00,0x00,0x00,0x3E,0xD2,0x00,0x00,0x00,0x00,0x00,0x00,0x00,0x00,0x00,0x00,0x00,0x00,0x01,0x10,
  0x00,0x01,0x10,0x00,0x00,0x0A,0xF5,0x00,0x7F,0x70,0x00,0x00,0x05,0xFD,0x56,0xEF,0x30,0x00,0x00,0x00,0x9F,0xFF,0xF7,0x00,
  0x00,0x00,0x00,0x03,0x65,0x20,0x00,0x00,0x00,0x00,0x14,0x52,0x01,0x22,0x10,0x00,0x08,0xFF,0xFF,0x95,0xFF,0x70,0x00,0x8F,
  0xFF,0xFF,0xFD,0xFF,0x70,0x02,0xFF,0xF6,0x01,0x9F,0xFF,0x70,0x08,0xFF,0x70,0x00,0x0C,0xFF,0x70,0x0B,0xFF,0x20,0x00,0x06,
  0xFF,0x70,0x0C,0xFF,0x10,0x00,0x05,0xFF,0x70,0x0B,0xFF,0x20,0x00,0x07,0xFF,0x70,0x07,0xFF,0x80,0x00,0x0C,0xFF,0x70,0x02,
  0xFF,0xF7,0x23,0xAF,0xFF,0x70,0x00,0x7F,0xFF,0xFF,0xFC,0xFF,0x70,0x00,0x06,0xEF,0xFE,0x75,0xFF,0x70,0x00,0x00,0x02,0x31,
  0x00,0x00,0x00,0x00,0x00,0x00,0x00,0x00,0x00,0x00,0x00,0x00,0x04,0xEE,0x20,0x00,0x00,0x00,0x00,0x09,0xFF,0x70,0x00,0x00,
  0x00,0x00,0x04,0xED,0x20,0x00,0x00,0x00,0x00,0x00,0x00,0x00,0x00,0x00,0x03,0x88,0x88,0x88,0x88,0x88,0x00,0x05,0xFF,0xFF,
  0xFF,0xFF,0xFF,0x10,0x05,0xFF,0xFE,0xEE,0xEE,0xEE,0x10,0x05,0xFF,0x80,0x00,0x00,0x00,0x00,0x05,0xFF,0x80,0x00,0x00,0x00,
  0x00,0x05,0xFF,0x80,0x00,0x00,0x00,0x00,0x05,0xFF,0x82,0x22,0x22,0x20,0x00,0x05,0xFF,0xFF,0xFF,0xFF,0xF2,0x00,0x05,0xFF,
  0xFF,0xFF,0xFF,0xF2,0x00,0x05,0xFF,0xA4,0x44,0x44,0x40,0x00,0x05,0xFF,0x80,0x00,0x00,0x00,0x00,0x05,0xFF,0x80,0x00,0x00,
  0x00,0x00,0x05,0xFF,0x80,0x00,0x00,0x00,0x00,0x05,0xFF,0xB7,0x77,0x77,0x77,0x10,0x05,0xFF,0xFF,0xFF,0xFF,0xFF,0x20,0x05,
  0xFF,0xFF,0xFF,0xFF,0xFF,0x20,0x00,0x00,0x00,0x00,0x00,0x00,0x00,0x00,0x00,0x00,0x10,0x00,0x00,0x00,0x00,0x00,0x08,0xFB,
  0x00,0x00,0x00,0x00,0x00,0x0E,0xFF,0x20,0x00,0x00,0x00,0x00,0x07,0xFA,0x00,0x00,0x00,0x00,0x00,0x00,0x00,0x00,0x00,0x00,
  0x00,0x00,0x03,0x54,0x10,0x00,0x00,0x00,0x06,0xEF,0xFF,0xE7,0x00,0x00,0x00,0x7F,0xFF,0xDF,0xFF,0x80,0x00,0x02,0xFF,0xC2,
  0x01,0xBF,0xF2,0x00,0x08,0xFF,0x30,0x00,0x2F,0xF7,0x00,0x0B,0xFF,0x99,0x99,0x9F,0xFA,0x00,0x0C,0xFF,0xFF,0xFF,0xFF,0xFB,
  0x00,0x0B,0xFF,0x43,0x33,0x33,0x32,0x00,0x07,0xFF,0x50,0x00,0x17,0x84,0x00,0x02,0xEF,0xE5,0x12,0xAF,0xF4,0x00,0x00,0x5F,
  0xFF,0xFF,0xFF,0xA0,0x00,0x00,0x04,0xCF,0xFF,0xE7,0x00,0x00,0x00,0x00,0x01,0x32,0x00,0x00,0x00,0x00,0x00,0x00,0x10,0x00,
  0x00,0x00,0x00,0x00,0x08,0xFB,0x00,0x00,0x00,0x00,0x00,0x0E,0xFF,0x20,0x00,0x00,0x00,0x00,0x07,0xFB,0x00,0x00,0x00,0x00,
  0x00,0x00,0x00,0x00,0x00,0x00,0x00,0x00,0x05,0xBB,0x60,0x00,0x00,0x00,0x00,0x4F,0xDD,0xF6,0x00,0x00,0x00,0x00,0x48,0x24,
  0xF9,0x00,0x00,0x00,0x00,0x00,0x4E,0xE3,0x00,0x00,0x00,0x00,0x00,0xCE,0x20,0x00,0x00,0x00,0x00,0x00,0x11,0x00,0x00,0x00,
  0x03,0x88,0x88,0x88,0x88,0x88,0x00,0x05,0xFF,0xFF,0xFF,0xFF,0xFF,0x10,0x05,0xFF,0xFE,0xEE,0xEE,0xEE,0x10,0x05,0xFF,0x80,
  0x00,0x00,0x00,0x00,0x05,0xFF,0x80,0x00,0x00,0x00,0x00,0x05,0xFF,0x80,0x00,0x00,0x00,0x00,0x05,0xFF,0x82,0x22,0x22,0x20,
  0x00,0x05,0xFF,0xFF,0xFF,0xFF,0xF2,0x00,0x05,0xFF,0xFF,0xFF,0xFF,0xF2,0x00,0x05,0xFF,0xA4,0x44,0x44,0x40,0x00,0x05,0xFF,
  0x80,0x00,0x00,0x00,0x00,0x05,0xFF,0x80,0x00,0x00,0x00,0x00,0x05,0xFF,0x80,0x00,0x00,0x00,0x00,0x05,0xFF,0xB7,0x77,0x77,
  0x77,0x10,0x05,0xFF,0xFF,0xFF,0xFF,0xFF,0x20,0x05,0xFF,0xFF,0xFF,0xFF,0xFF,0x20,0x00,0x00,0x02,0x64,0x00,0x00,0x00,0x00,
  0x00,0x5F,0xFF,0xB0,0x00,0x00,0x00,0x00,0xBD,0x3A,0xF3,0x00,0x00,0x00,0x00,0x00,0x3D,0xE2,0x00,0x00,0x00,0x00,0x02,0xFD,
  0x40,0x00,0x00,0x00,0x00,0x01,0x73,0x00,0x00,0x00,0x00,0x00,0x03,0x54,0x10,0x00,0x00,0x00,0x06,0xEF,0xFF,0xE7,0x00,0x00,
  0x00,0x7F,0xFF,0xDF,0xFF,0x80,0x00,0x02,0xFF,0xC2,0x01,0xBF,0xF2,0x00,0x08,0xFF,0x30,0x00,0x2F,0xF7,0x00,0x0B,0xFF,0x99,
  0x99,0x9F,0xFA,0x00,0x0C,0xFF,0xFF,0xFF,0xFF,0xFB,0x00,0x0B,0xFF,0x43,0x33,0x33,0x32,0x00,0x07,0xFF,0x50,0x00,0x17,0x84,
  0x00,0x02,0xEF,0xE5,0x12,0xAF,0xF4,0x00,0x00,0x5F,0xFF,0xFF,0xFF,0xA0,0x00,0x00,0x04,0xCF,0xFF,0xE7,0x00,0x00,0x00,0x00,
  0x01,0x32,0x00,0x00,0x00,0x00,0x00,0x25,0x20,0x05,0x20,0x00,0x00,0x01,0xEF,0xF8,0x5F,0x60,0x00,0x00,0x06,0xF8,0xBF,0xFF,
  0x30,0x00,0x00,0x04,0x81,0x06,0x95,0x00,0x00,0x00,0x00,0x00,0x00,0x00,0x00,0x00,0x03,0x88,0x88,0x88,0x88,0x88,0x00,0x05,
  0xFF,0xFF,0xFF,0xFF,0xFF,0x10,0x05,0xFF,0xFE,0xEE,0xEE,0xEE,0x10,0x05,0xFF,0x80,0x00,0x00,0x00,0x00,0x05,0xFF,0x80,0x00,
  0x00,0x00,0x00,0x05,0xFF,0x80,0x00,0x00,0x00,0x00,0x05,0xFF,0x82,0x22,0x22,0x20,0x00,0x05,0xFF,0xFF,0xFF,0xFF,0xF2,0x00,
  0x05,0xFF,0xFF,0xFF,0xFF,0xF2,0x00,0x05,0xFF,0xA4,0x44,0x44,0x40,0x00,0x05,0xFF,0x80,0x00,0x00,0x00,0x00,0x05,0xFF,0x80,
  0x00,0x00,0x00,0x00,0x05,0xFF,0x80,0x00,0x00,0x00,0x00,0x05,0xFF,0xB7,0x77,0x77,0x77,0x10,0x05,0xFF,0xFF,0xFF,0xFF,0xFF,
  0x20,0x05,0xFF,0xFF,0xFF,0xFF,0xFF,0x20,0x00,0x02,0xDE,0x90,0x7D,0x10,0x00,0x00,0x0A,0xFD,0xFD,0xEE,0x00,0x00,0x00,0x0C,
  0xB0,0x7E,0xF6,0x00,0x00,0x00,0x00,0x00,0x00,0x00,0x00,0x00,0x00,0x00,0x03,0x54,0x10,0x00,0x00,0x00,0x06,0xEF,0xFF,0xE7,
  0x00,0x00,0x00,0x7F,0xFF,0xDF,0xFF,0x80,0x00,0x02,0xFF,0xC2,0x01,0xBF,0xF2,0x00,0x08,0xFF,0x30,0x00,0x2F,0xF7,0x00,0x0B,
  0xFF,0x99,0x99,0x9F,0xFA,0x00,0x0C,0xFF,0xFF,0xFF,0xFF,0xFB,0x00,0x0B,0xFF,0x43,0x33,0x33,0x32,0x00,0x07,0xFF,0x50,0x00,
  0x17,0x84,0x00,0x02,0xEF,0xE5,0x12,0xAF,0xF4,0x00,0x00,0x5F,0xFF,0xFF,0xFF,0xA0,0x00,0x00,0x04,0xCF,0xFF,0xE7,0x00,0x00,
  0x00,0x00,0x01,0x32,0x00,0x00,0x00,0x00,0x00,0x00,0x00,0x00,0x06,0x86,0x00,0x00,0x00,0x00,0x00,0x3F,0xF5,0x00,0x00,0x00,
  0x00,0x00,0x9F,0xB0,0x00,0x00,0x01,0x33,0x02,0xFF,0x20,0x00,0x00,0x0B,0xFF,0xA2,0x43,0x00,0x00,0x00,0x8F,0xAB,0xF8,0x00,
  0x00,0x00,0x06,0xFC,0x11,0xDF,0x50,0x00,0x00,0x00,0x00,0x00,0x00,0x00,0x00,0x03,0x88,0x88,0x88,0x88,0x88,0x00,0x05,0xFF,
  0xFF,0xFF,0xFF,0xFF,0x10,0x05,0xFF,0xFE,0xEE,0xEE,0xEE,0x10,0x05,0xFF,0x80,0x00,0x00,0x00,0x00,0x05,0xFF,0x80,0x00,0x00,
  0x00,0x00,0x05,0xFF,0x80,0x00,0x00,0x00,0x00,0x05,0xFF,0x82,0x22,0x22,0x20,0x00,0x05,0xFF,0xFF,0xFF,0xFF,0xF2,0x00,0x05,
  0xFF,0xFF,0xFF,0xFF,0xF2,0x00,0x05,0xFF,0xA4,0x44,0x44,0x40,0x00,0x05,0xFF,0x80,0x00,0x00,0x00,0x00,0x05,0xFF,0x80,0x00,
  0x00,0x00,0x00,0x05,0xFF,0x80,0x00,0x00,0x00,0x00,0x05,0xFF,0xB7,0x77,0x77,0x77,0x10,0x05,0xFF,0xFF,0xFF,0xFF,0xFF,0x20,
  0x05,0xFF,0xFF,0xFF,0xFF,0xFF,0x20,0x00,0x00,0x00,0x00,0x00,0x01,0x11,0x00,0x00,0x00,0x00,0x00,0x5F,0xF4,0x00,0x00,0x00,
  0x00,0x00,0xCF,0xA0,0x00,0x00,0x00,0x00,0x04,0xFE,0x10,0x00,0x00,0x09,0xCB,0x17,0xB6,0x00,0x00,0x00,0x8F,0xDF,0xC0,0x00,
  0x00,0x00,0x06,0xFC,0x19,0xFA,0x00,0x00,0x00,0x06,0x62,0x00,0x66,0x20,0x00,0x00,0x00,0x03,0x54,0x10,0x00,0x00,0x00,0x06,
  0xEF,0xFF,0xE7,0x00,0x00,0x00,0x7F,0xFF,0xDF,0xFF,0x80,0x00,0x02,0xFF,0xC2,0x01,0xBF,0xF2,0x00,0x08,0xFF,0x30,0x00,0x2F,
  0xF7,0x00,0x0B,0xFF,0x99,0x99,0x9F,0xFA,0x00,0x0C,0xFF,0xFF,0xFF,0xFF,0xFB,0x00,0x0B,0xFF,0x43,0x33,0x33,0x32,0x00,0x07,
  0xFF,0x50,0x00,0x17,0x84,0x00,0x02,0xEF,0xE5,0x12,0xAF,0xF4,0x00,0x00,0x5F,0xFF,0xFF,0xFF,0xA0,0x00,0x00,0x04,0xCF,0xFF,
  0xE7,0x00,0x00,0x00,0x00,0x01,0x32,0x00,0x00,0x00,0x00,0x00,0x00,0x01,0x78,0x40,0x00,0x00,0x00,0x00,0x00,0x9F,0xD0,0x00,
  0x00,0x00,0x00,0x00,0x1E,0xF5,0x00,0x00,0x00,0x01,0x33,0x07,0xFC,0x00,0x00,0x00,0x0B,0xFF,0xA0,0x44,0x00,0x00,0x00,0x8F,
  0xBB,0xF8,0x00,0x00,0x00,0x06,0xFC,0x11,0xDF,0x50,0x00,0x00,0x00,0x00,0x00,0x00,0x00,0x00,0x03,0x88,0x88,0x88,0x88,0x88,
  0x00,0x05,0xFF,0xFF,0xFF,0xFF,0xFF,0x10,0x05,0xFF,0xFE,0xEE,0xEE,0xEE,0x10,0x05,0xFF,0x80,0x00,0x00,0x00,0x00,0x05,0xFF,
  0x80,0x00,0x00,0x00,0x00,0x05,0xFF,0x80,0x00,0x00,0x00,0x00,0x05,0xFF,0x82,0x22,0x22,0x20,0x00,0x05,0xFF,0xFF,0xFF,0xFF,
  0xF2,0x00,0x05,0xFF,0xFF,0xFF,0xFF,0xF2,0x00,0x05,0xFF,0xA4,0x44,0x44,0x40,0x00,0x05,0xFF,0x80,0x00,0x00,0x00,0x00,0x05,
  0xFF,0x80,0x00,0x00,0x00,0x00,0x05,0xFF,0x80,0x00,0x00,0x00,0x00,0x05,0xFF,0xB7,0x77,0x77,0x77,0x10,0x05,0xFF,0xFF,0xFF,
  0xFF,0xFF,0x20,0x05,0xFF,0xFF,0xFF,0xFF,0xFF,0x20,0x00,0x00,0x00,0x00,0x11,0x00,0x00,0x00,0x00,0x00,0x03,0xFF,0x50,0x00,
  0x00,0x00,0x00,0x00,0xAF,0xC0,0x00,0x00,0x00,0x00,0x00,0x1E,0xF4,0x00,0x00,0x00,0x09,0xCB,0x16,0xB7,0x00,0x00,0x00,0x8F,
  0xDF,0xC0,0x00,0x00,0x00,0x06,0xFC,0x19,0xFA,0x00,0x00,0x00,0x06,0x62,0x00,0x66,0x20,0x00,0x00,0x00,0x03,0x54,0x10,0x00,
  0x00,0x00,0x06,0xEF,0xFF,0xE7,0x00,0x00,0x00,0x7F,0xFF,0xDF,0xFF,0x80,0x00,0x02,0xFF,0xC2,0x01,0xBF,0xF2,0x00,0x08,0xFF,
  0x30,0x00,0x2F,0xF7,0x00,0x0B,0xFF,0x99,0x99,0x9F,0xFA,0x00,0x0C,0xFF,0xFF,0xFF,0xFF,0xFB,0x00,0x0B,0xFF,0x43,0x33,0x33,
  0x32,0x00,0x07,0xFF,0x50,0x00,0x17,0x84,0x00,0x02,0xEF,0xE5,0x12,0xAF,0xF4,0x00,0x00,0x5F,0xFF,0xFF,0xFF,0xA0,0x00,0x00,
  0x04,0xCF,0xFF,0xE7,0x00,0x00,0x00,0x00,0x01,0x32,0x00,0x00,0x00,0x00,0x00,0x00,0x00,0x01,0x43,0x00,0x00,0x00,0x00,0x00,
  0x3E,0xFF,0xB1,0x00,0x00,0x00,0x00,0xAF,0x59,0xF5,0x00,0x00,0x00,0x00,0x00,0x1B,0xF4,0x00,0x00,0x01,0x33,0x00,0xEE,0x60,
  0x00,0x00,0x0B,0xFF,0xA1,0x95,0x00,0x00,0x00,0x9F,0xAB,0xF7,0x00,0x00,0x00,0x06,0xFC,0x11,0xDF,0x50,0x00,0x00,0x00,0x00,
  0x00,0x00,0x00,0x00,0x03,0x88,0x88,0x88,0x88,0x88,0x00,0x05,0xFF,0xFF,0xFF,0xFF,0xFF,0x10,0x05,0xFF,0xFE,0xEE,0xEE,0xEE,
  0x10,0x05,0xFF,0x80,0x00,0x00,0x00,0x00,0x05,0xFF,0x80,0x00,0x00,0x00,0x00,0x05,0xFF,0x80,0x00,0x00,0x00,0x00,0x05,0xFF,
  0x82,0x22,0x22,0x20,0x00,0x05,0xFF,0xFF,0xFF,0xFF,0xF2,0x00,0x05,0xFF,0xFF,0xFF,0xFF,0xF2,0x00,0x05,0xFF,0xA4,0x44,0x44,
  0x40,0x00,0x05,0xFF,0x80,0x00,0x00,0x00,0x00,0x05,0xFF,0x80,0x00,0x00,0x00,0x00,0x05,0xFF,0x80,0x00,0x00,0x00,0x00,0x05,
  0xFF,0xB7,0x77,0x77,0x77,0x10,0x05,0xFF,0xFF,0xFF,0xFF,0xFF,0x20,0x05,0xFF,0xFF,0xFF,0xFF,0xFF,0x20,0x00,0x00,0x00,0x00,
  0x3B,0xDA,0x20,0x00,0x00,0x00,0x00,0xDE,0xAF,0xD0,0x00,0x00,0x00,0x00,0x64,0x0D,0xF0,0x00,0x00,0x00,0x00,0x02,0xCF,0x70,
  0x00,0x00,0x0A,0xCB,0x16,0xF6,0x00,0x00,0x00,0x9F,0xDF,0xB0,0x00,0x00,0x00,0x07,0xFC,0x1A,0xF9,0x00,0x00,0x00,0x06,0x61,
  0x01,0x66,0x10,0x00,0x00,0x00,0x03,0x54,0x10,0x00,0x00,0x00,0x06,0xEF,0xFF,0xE7,0x00,0x00,0x00,0x7F,0xFF,0xDF,0xFF,0x80,
  0x00,0x02,0xFF,0xC2,0x01,0xBF,0xF2,0x00,0x08,0xFF,0x30,0x00,0x2F,0xF7,0x00,0x0B,0xFF,0x99,0x99,0x9F,0xFA,0x00,0x0C,0xFF,
  0xFF,0xFF,0xFF,0xFB,0x00,0x0B,0xFF,0x43,0x33,0x33,0x32,0x00,0x07,0xFF,0x50,0x00,0x17,0x84,0x00,0x02,0xEF,0xE5,0x12,0xAF,
  0xF4,0x00,0x00,0x5F,0xFF,0xFF,0xFF,0xA0,0x00,0x00,0x04,0xCF,0xFF,0xE7,0x00,0x00,0x00,0x00,0x01,0x32,0x00,0x00,0x00,0x00,
  0x00,0x00,0x00,0x00,0x00,0x00,0x00,0x00,0xBF,0xC3,0x2E,0x60,0x00,0x00,0x05,0xFD,0xFF,0xDF,0x40,0x00,0x00,0x07,0xE2,0x3C,
  0xFA,0x00,0x00,0x00,0x00,0x01,0x33,0x10,0x00,0x00,0x00,0x00,0x0B,0xFF,0xA0,0x00,0x00,0x00,0x00,0x9F,0xAB,0xF7,0x00,0x00,
  0x00,0x06,0xFC,0x11,0xDF,0x50,0x00,0x00,0x00,0x00,0x00,0x00,0x00,0x00,0x03,0x88,0x88,0x88,0x88,0x88,0x00,0x05,0xFF,0xFF,
  0xFF,0xFF,0xFF,0x10,0x05,0xFF,0xFE,0xEE,0xEE,0xEE,0x10,0x05,0xFF,0x80,0x00,0x00,0x00,0x00,0x05,0xFF,0x80,0x00,0x00,0x00,
  0x00,0x05,0xFF,0x80,0x00,0x00,0x00,0x00,0x05,0xFF,0x82,0x22,0x22,0x20,0x00,0x05,0xFF,0xFF,0xFF,0xFF,0xF2,0x00,0x05,0xFF,
  0xFF,0xFF,0xFF,0xF2,0x00,0x05,0xFF,0xA4,0x44,0x44,0x40,0x00,0x05,0xFF,0x80,0x00,0x00,0x00,0x00,0x05,0xFF,0x80,0x00,0x00,
  0x00,0x00,0x05,0xFF,0x80,0x00,0x00,0x00,0x00,0x05,0xFF,0xB7,0x77,0x77,0x77,0x10,0x05,0xFF,0xFF,0xFF,0xFF,0xFF,0x20,0x05,
  0xFF,0xFF,0xFF,0xFF,0xFF,0x20,0x00,0x01,0x78,0x30,0x48,0x10,0x00,0x00,0x08,0xFF,0xF8,0xCF,0x00,0x00,0x00,0x0C,0xD3,0xCF,
  0xFA,0x00,0x00,0x00,0x04,0x30,0x05,0x61,0x00,0x00,0x00,0x00,0x09,0xCB,0x10,0x00,0x00,0x00,0x00,0x9F,0xDF,0xB0,0x00,0x00,
  0x00,0x06,0xFC,0x19,0xF9,0x00,0x00,0x00,0x06,0x62,0x00,0x66,0x10,0x00,0x00,0x00,0x03,0x54,0x10,0x00,0x00,0x00,0x06,0xEF,
  0xFF,0xE7,0x00,0x00,0x00,0x7F,0xFF,0xDF,0xFF,0x80,0x00,0x02,0xFF,0xC2,0x01,0xBF,0xF2,0x00,0x08,0xFF,0x30,0x00,0x2F,0xF7,
  0x00,0x0B,0xFF,0x99,0x99,0x9F,0xFA,0x00,0x0C,0xFF,0xFF,0xFF,0xFF,0xFB,0x00,0x0B,0xFF,0x43,0x33,0x33,0x32,0x00,0x07,0xFF,
  0x50,0x00,0x17,0x84,0x00,0x02,0xEF,0xE5,0x12,0xAF,0xF4,0x00,0x00,0x5F,0xFF,0xFF,0xFF,0xA0,0x00,0x00,0x04,0xCF,0xFF,0xE7,
  0x00,0x00,0x00,0x00,0x01,0x32,0x00,0x00,0x00,0x00,0x00,0x01,0x33,0x00,0x00,0x00,0x00,0x00,0x0B,0xFF,0xA0,0x00,0x00,0x00,
  0x00,0x8F,0xBB,0xF8,0x00,0x00,0x00,0x06,0xFC,0x11,0xDF,0x50,0x00,0x00,0x00,0x00,0x00,0x00,0x00,0x00,0x03,0x88,0x88,0x88,
  0x88,0x88,0x00,0x05,0xFF,0xFF,0xFF,0xFF,0xFF,0x10,0x05,0xFF,0xFE,0xEE,0xEE,0xEE,0x10,0x05,0xFF,0x80,0x00,0x00,0x00,0x00,
  0x05,0xFF,0x80,0x00,0x00,0x00,0x00,0x05,0xFF,0x80,0x00,0x00,0x00,0x00,0x05,0xFF,0x82,0x22,0x22,0x20,0x00,0x05,0xFF,0xFF,
  0xFF,0xFF,0xF2,0x00,0x05,0xFF,0xFF,0xFF,0xFF,0xF2,0x00,0x05,0xFF,0xA4,0x44,0x44,0x40,0x00,0x05,0xFF,0x80,0x00,0x00,0x00,
  0x00,0x05,0xFF,0x80,0x00,0x00,0x00,0x00,0x05,0xFF,0x80,0x00,0x00,0x00,0x00,0x05,0xFF,0xB7,0x77,0x77,0x77,0x10,0x05,0xFF,
  0xFF,0xFF,0xFF,0xFF,0x20,0x05,0xFF,0xFF,0xFF,0xFF,0xFF,0x20,0x00,0x00,0x00,0x00,0x00,0x00,0x00,0x00,0x00,0x00,0x10,0x00,
  0x00,0x00,0x00,0x00,0x08,0xFB,0x00,0x00,0x00,0x00,0x00,0x0E,0xFF,0x20,0x00,0x00,0x00,0x00,0x07,0xFA,0x00,0x00,0x00,0x00,
  0x00,0x00,0x00,0x00,0x00,0x00,0x00,0x00,0x03,0x44,0x00,0x00,0x00,0x00,0x00,0x2E,0xFF,0x50,0x00,0x00,0x00,0x00,0xCF,0x9F,
  0xE2,0x00,0x00,0x00,0x08,0xFB,0x07,0xFB,0x00,0x00,0x00,0x06,0x62,0x00,0x66,0x20,0x00,0x00,0x00,0x03,0x54,0x10,0x00,0x00,
  0x00,0x06,0xEF,0xFF,0xE7,0x00,0x00,0x00,0x7F,0xFF,0xDF,0xFF,0x80,0x00,0x02,0xFF,0xC2,0x01,0xBF,0xF2,0x00,0x08,0xFF,0x30,
  0x00,0x2F,0xF7,0x00,0x0B,0xFF,0x99,0x99,0x9F,0xFA,0x00,0x0C,0xFF,0xFF,0xFF,0xFF,0xFB,0x00,0x0B,0xFF,0x43,0x33,0x33,0x32,
  0x00,0x07,0xFF,0x50,0x00,0x17,0x84,0x00,0x02,0xEF,0xE5,0x12,0xAF,0xF4,0x00,0x00,0x5F,0xFF,0xFF,0xFF,0xA0,0x00,0x00,0x04,
  0xCF,0xFF,0xE7,0x00,0x00,0x00,0x00,0x01,0x32,0x00,0x00,0x00,0x00,0x00,0x00,0x10,0x00,0x00,0x00,0x00,0x00,0x08,0xFB,0x00,
  0x00,0x00,0x00,0x00,0x0E,0xFF,0x20,0x00,0x00,0x00,0x00,0x07,0xFB,0x00,0x00,0x00,0x00,0x00,0x00,0x00,0x00,0x00,0x00,0x05,
  0xBB,0x70,0x2F,0xDC,0xF7,0x38,0x32,0xFA,0x00,0x4D,0xF4,0x00,0xBE,0x20,0x00,0x11,0x00,0x03,0x88,0x40,0x05,0xFF,0x80,0x05,
  0xFF,0x80,0x05,0xFF,0x80,0x05,0xFF,0x80,0x05,0xFF,0x80,0x05,0xFF,0x80,0x05,0xFF,0x80,0x05,0xFF,0x80,0x05,0xFF,0x80,0x05,
  0xFF,0x80,0x05,0xFF,0x80,0x05,0xFF,0x80,0x05,0xFF,0x80,0x05,0xFF,0x80,0x05,0xFF,0x80,0x01,0x55,0x20,0x1D,0xFF,0xF4,0x4E,
  0x74,0xFA,0x00,0x08,0xF8,0x00,0x9F,0x80,0x00,0x57,0x00,0x01,0x22,0x10,0x04,0xFF,0x80,0x04,0xFF,0x80,0x04,0xFF,0x80,0x04,
  0xFF,0x80,0x04,0xFF,0x80,0x04,0xFF,0x80,0x04,0xFF,0x80,0x04,0xFF,0x80,0x04,0xFF,0x80,0x04,0xFF,0x80,0x04,0xFF,0x80,0x03,
  0x88,0x40,0x05,0xFF,0x80,0x05,0xFF,0x80,0x05,0xFF,0x80,0x05,0xFF,0x80,0x05,0xFF,0x80,0x05,0xFF,0x80,0x05,0xFF,0x80,0x05,
  0xFF,0x80,0x05,0xFF,0x80,0x05,0xFF,0x80,0x05,0xFF,0x80,0x05,0xFF,0x80,0x05,0xFF,0x80,0x05,0xFF,0x80,0x05,0xFF,0x80,0x00,
  0x00,0x00,0x00,0x00,0x00,0x03,0xEE,0x40,0x07,0xFF,0x90,0x02,0xDE,0x30,0x00,0x00,0x00,0x00,0x01,0x00,0x03,0xEF,0x50,0x08,
  0xFF,0xB0,0x04,0xEF,0x60,0x00,0x11,0x00,0x01,0x22,0x10,0x04,0xFF,0x80,0x04,0xFF,0x80,0x04,0xFF,0x80,0x04,0xFF,0x80,0x04,
  0xFF,0x80,0x04,0xFF,0x80,0x04,0xFF,0x80,0x04,0xFF,0x80,0x04,0xFF,0x80,0x04,0xFF,0x80,0x04,0xFF,0x80,0x00,0x00,0x00,0x00,
  0x00,0x00,0x02,0xEE,0x40,0x07,0xFF,0x90,0x02,0xDE,0x40,0x00,0x00,0x00,0x00,0x00,0x02,0x7A,0xBA,0x84,0x00,0x00,0x00,0x00,
  0x01,0x9F,0xFF,0xFF,0xFF,0xC3,0x00,0x00,0x00,0x1B,0xFF,0xFF,0xDE,0xFF,0xFE,0x40,0x00,0x00,0x9F,0xFE,0x60,0x00,0x3C,0xFF,
  0xE1,0x00,0x03,0xFF,0xF3,0x00,0x00,0x00,0xBF,0xF9,0x00,0x09,0xFF,0x80,0x00,0x00,0x00,0x2F,0xFE,0x00,0x0D,0xFF,0x20,0x00,
  0x00,0x00,0x0C,0xFF,0x40,0x0F,0xFE,0x00,0x00,0x00,0x00,0x09,0xFF,0x60,0x0F,0xFE,0x00,0x00,0x00,0x00,0x08,0xFF,0x60,0x0E,
  0xFF,0x10,0x00,0x00,0x00,0x0A,0xFF,0x50,0x0B,0xFF,0x50,0x00,0x00,0x00,0x0E,0xFF,0x20,0x06,0xFF,0xC0,0x00,0x00,0x00,0x7F,
  0xFC,0x00,0x00,0xDF,0xFA,0x00,0x00,0x05,0xFF,0xF4,0x00,0x00,0x4F,0xFF,0xD8,0x67,0xBF,0xFF,0x90,0x00,0x00,0x04,0xEF,0xFF,
  0xFF,0xFF,0xF9,0x00,0x00,0x00,0x00,0x19,0xEF,0xFF,0xFB,0x40,0x00,0x00,0x00,0x00,0x00,0x01,0x32,0x00,0x00,0x00,0x00,0x00,
  0x00,0x00,0x00,0x10,0x00,0x00,0x00,0x00,0x00,0x00,0x00,0x07,0xFC,0x00,0x00,0x00,0x00,0x00,0x00,0x00,0x0C,0xFF,0x30,0x00,
  0x00,0x00,0x00,0x00,0x00,0x06,0xFB,0x00,0x00,0x00,0x00,0x00,0x00,0x00,0x00,0x00,0x00,0x00,0x00,0x00,0x00,0x00,0x03,0x44,
  0x20,0x00,0x00,0x00,0x04,0xDF,0xFF,0xFB,0x20,0x00,0x00,0x6F,0xFF,0xFF,0xFF,0xE3,0x00,0x02,0xEF,0xF6,0x11,0x8F,0xFC,0x00,
  0x07,0xFF,0x70,0x00,0x0B,0xFF,0x40,0x0B,0xFF,0x20,0x00,0x05,0xFF,0x70,0x0C,0xFF,0x00,0x00,0x04,0xFF,0x80,0x0B,0xFF,0x20,
  0x00,0x06,0xFF,0x70,0x07,0xFF,0x80,0x00,0x0C,0xFF,0x30,0x01,0xEF,0xF8,0x33,0xAF,0xFB,0x00,0x00,0x4E,0xFF,0xFF,0xFF,0xD2,
  0x00,0x00,0x03,0xBF,0xFF,0xE9,0x10,0x00,0x00,0x00,0x01,0x22,0x00,0x00,0x00,0x00,0x00,0x00,0x00,0x00,0x00,0x00,0x00,0x00,
  0x05,0xFE,0x20,0x00,0x00,0x00,0x00,0x0A,0xFF,0x60,0x00,0x00,0x00,0x00,0x04,0xED,0x20,0x00,0x00,0x00,0x00,0x00,0x00,0x00,
  0x00,0x00,0x00,0x00,0x00,0x00,0x00,0x00,0x00,0x00,0x00,0x00,0x00,0x00,0x1B,0xFE,0x70,0x00,0x00,0x00,0x00,0x00,0x00,0x9F,
  0x9C,0xF3,0x00,0x00,0x00,0x00,0x00,0x00,0x34,0x09,0xF4,0x00,0x00,0x00,0x00,0x00,0x00,0x00,0xBF,0xA0,0x00,0x00,0x00,0x00,
  0x00,0x00,0x02,0xD8,0x00,0x00,0x00,0x00,0x00,0x00,0x00,0x00,0x00,0x00,0x00,0x00,0x00,0x00,0x00,0x02,0x7A,0xBA,0x84,0x00,
  0x00,0x00,0x00,0x01,0x9F,0xFF,0xFF,0xFF,0xC3,0x00,0x00,0x00,0x1B,0xFF,0xFF,0xDE,0xFF,0xFE,0x40,0x00,0x00,0x9F,0xFE,0x60,
  0x00,0x3C,0xFF,0xE1,0x00,0x03,0xFF,0xF3,0x00,0x00,0x00,0xBF,0xF9,0x00,0x09,0xFF,0x80,0x00,0x00,0x00,0x2F,0xFE,0x00,0x0D,
  0xFF,0x20,0x00,0x00,0x00,0x0C,0xFF,0x40,0x0F,0xFE,0x00,0x00,0x00,0x00,0x09,0xFF,0x60,0x0F,0xFE,0x00,0x00,0x00,0x00,0x08,
  0xFF,0x60,0x0E,0xFF,0x10,0x00,0x00,0x00,0x0A,0xFF,0x50,0x0B,0xFF,0x50,0x00,0x00,0x00,0x0E,0xFF,0x20,0x06,0xFF,0xC0,0x00,
  0x00,0x00,0x7F,0xFC,0x00,0x00,0xDF,0xFA,0x00,0x00,0x05,0xFF,0xF4,0x00,0x00,0x4F,0xFF,0xD8,0x67,0xBF,0xFF,0x90,0x00,0x00,
  0x04,0xEF,0xFF,0xFF,0xFF,0xF9,0x00,0x00,0x00,0x00,0x19,0xEF,0xFF,0xFB,0x40,0x00,0x00,0x00,0x00,0x00,0x01,0x32,0x00,0x00,
  0x00,0x00,0x00,0x00,0x01,0x55,0x10,0x00,0x00,0x00,0x00,0x2E,0xFF,0xE2,0x00,0x00,0x00,0x00,0x7E,0x57,0xF7,0x00,0x00,0x00,
  0x00,0x00,0x1B,0xF5,0x00,0x00,0x00,0x00,0x00,0xDE,0x60,0x00,0x00,0x00,0x00,0x00,0x75,0x00,0x00,0x00,0x00,0x00,0x03,0x44,
  0x20,0x00,0x00,0x00,0x04,0xDF,0xFF,0xFB,0x20,0x00,0x00,0x6F,0xFF,0xFF,0xFF,0xE3,0x00,0x02,0xEF,0xF6,0x11,0x8F,0xFC,0x00,
  0x07,0xFF,0x70,0x00,0x0B,0xFF,0x40,0x0B,0xFF,0x20,0x00,0x05,0xFF,0x70,0x0C,0xFF,0x00,0x00,0x04,0xFF,0x80,0x0B,0xFF,0x20,
  0x00,0x06,0xFF,0x70,0x07,0xFF,0x80,0x00,0x0C,0xFF,0x30,0x01,0xEF,0xF8,0x33,0xAF,0xFB,0x00,0x00,0x4E,0xFF,0xFF,0xFF,0xD2,
  0x00,0x00,0x03,0xBF,0xFF,0xE9,0x10,0x00,0x00,0x00,0x01,0x22,0x00,0x00,0x00,0x00,0x00,0x00,0x00,0x00,0x00,0x2B,0xB5,0x00,
  0x00,0x00,0x00,0x00,0x00,0x00,0x8F,0xD1,0x00,0x00,0x00,0x00,0x00,0x00,0x01,0xEF,0x50,0x00,0x00,0x00,0x00,0x04,0x66,0x07,
  0xFB,0x00,0x00,0x00,0x00,0x00,0x3F,0xFF,0x81,0x11,0x00,0x00,0x00,0x00,0x02,0xEF,0x5C,0xF6,0x00,0x00,0x00,0x00,0x00,0x09,
  0xC6,0x02,0xCC,0x20,0x00,0x00,0x00,0x00,0x00,0x00,0x00,0x00,0x00,0x00,0x00,0x00,0x00,0x02,0x7A,0xBA,0x84,0x00,0x00,0x00,
  0x00,0x01,0x9F,0xFF,0xFF,0xFF,0xC3,0x00,0x00,0x00,0x1B,0xFF,0xFF,0xDE,0xFF,0xFE,0x40,0x00,0x00,0x9F,0xFE,0x60,0x00,0x3C,
  0xFF,0xE1,0x00,0x03,0xFF,0xF3,0x00,0x00,0x00,0xBF,0xF9,0x00,0x09,0xFF,0x80,0x00,0x00,0x00,0x2F,0xFE,0x00,0x0D,0xFF,0x20,
  0x00,0x00,0x00,0x0C,0xFF,0x40,0x0F,0xFE,0x00,0x00,0x00,0x00,0x09,0xFF,0x60,0x0F,0xFE,0x00,0x00,0x00,0x00,0x08,0xFF,0x60,
  0x0E,0xFF,0x10,0x00,0x00,0x00,0x0A,0xFF,0x50,0x0B,0xFF,0x50,0x00,0x00,0x00,0x0E,0xFF,0x20,0x06,0xFF,0xC0,0x00,0x00,0x00,
  0x7F,0xFC,0x00,0x00,0xDF,0xFA,0x00,0x00,0x05,0xFF,0xF4,0x00,0x00,0x4F,0xFF,0xD8,0x67,0xBF,0xFF,0x90,0x00,0x00,0x04,0xEF,
  0xFF,0xFF,0xFF,0xF9,0x00,0x00,0x00,0x00,0x19,0xEF,0xFF,0xFB,0x40,0x00,0x00,0x00,0x00,0x00,0x01,0x32,0x00,0x00,0x00,0x00,
  0x00,0x00,0x00,0x00,0x00,0x01,0x11,0x00,0x00,0x00,0x00,0x00,0x2F,0xF7,0x00,0x00,0x00,0x00,0x00,0x8F,0xD0,0x00,0x00,0x00,
  0x00,0x01,0xEF,0x40,0x00,0x00,0x07,0xCC,0x44,0xA8,0x00,0x00,0x00,0x5F,0xDF,0xE2,0x00,0x00,0x00,0x03,0xEE,0x25,0xFD,0x10,
  0x00,0x00,0x04,0x63,0x00,0x56,0x30,0x00,0x00,0x00,0x03,0x44,0x20,0x00,0x00,0x00,0x04,0xDF,0xFF,0xFB,0x20,0x00,0x00,0x6F,
  0xFF,0xFF,0xFF,0xE3,0x00,0x02,0xEF,0xF6,0x11,0x8F,0xFC,0x00,0x07,0xFF,0x70,0x00,0x0B,0xFF,0x40,0x0B,0xFF,0x20,0x00,0x05,
  0xFF,0x70,0x0C,0xFF,0x00,0x00,0x04,0xFF,0x80,0x0B,0xFF,0x20,0x00,0x06,0xFF,0x70,0x07,0xFF,0x80,0x00,0x0C,0xFF,0x30,0x01,
  0xEF,0xF8,0x33,0xAF,0xFB,0x00,0x00,0x4E,0xFF,0xFF,0xFF,0xD2,0x00,0x00,0x03,0xBF,0xFF,0xE9,0x10,0x00,0x00,0x00,0x01,0x22,
  0x00,0x00,0x00,0x00,0x00,0x00,0x00,0x03,0xBB,0x30,0x00,0x00,0x00,0x00,0x00,0x00,0x00,0xCF,0xB0,0x00,0x00,0x00,0x00,0x00,
  0x00,0x00,0x3F,0xF2,0x00,0x00,0x00,0x00,0x00,0x03,0x66,0x09,0xF9,0x00,0x00,0x00,0x00,0x00,0x3E,0xFF,0x90,0x11,0x00,0x00,
  0x00,0x00,0x02,0xEF,0x5C,0xF6,0x00,0x00,0x00,0x00,0x00,0x09,0xC6,0x02,0xBC,0x20,0x00,0x00,0x00,0x00,0x00,0x00,0x00,0x00,
  0x00,0x00,0x00,0x00,0x00,0x02,0x7A,0xBA,0x84,0x00,0x00,0x00,0x00,0x01,0x9F,0xFF,0xFF,0xFF,0xC3,0x00,0x00,0x00,0x1B,0xFF,
  0xFF,0xDE,0xFF,0xFE,0x40,0x00,0x00,0x9F,0xFE,0x60,0x00,0x3C,0xFF,0xE1,0x00,0x03,0xFF,0xF3,0x00,0x00,0x00,0xBF,0xF9,0x00,
  0x09,0xFF,0x80,0x00,0x00,0x00,0x2F,0xFE,0x00,0x0D,0xFF,0x20,0x00,0x00,0x00,0x0C,0xFF,0x40,0x0F,0xFE,0x00,0x00,0x00,0x00,
  0x09,0xFF,0x60,0x0F,0xFE,0x00,0x00,0x00,0x00,0x08,0xFF,0x60,0x0E,0xFF,0x10,0x00,0x00,0x00,0x0A,0xFF,0x50,0x0B,0xFF,0x50,
  0x00,0x00,0x00,0x0E,0xFF,0x20,0x06,0xFF,0xC0,0x00,0x00,0x00,0x7F,0xFC,0x00,0x00,0xDF,0xFA,0x00,0x00,0x05,0xFF,0xF4,0x00,
  0x00,0x4F,0xFF,0xD8,0x67,0xBF,0xFF,0x90,0x00,0x00,0x04,0xEF,0xFF,0xFF,0xFF,0xF9,0x00,0x00,0x00,0x00,0x19,0xEF,0xFF,0xFB,
  0x40,0x00,0x00,0x00,0x00,0x00,0x01,0x32,0x00,0x00,0x00,0x00,0x00,0x00,0x00,0x00,0x11,0x10,0x00,0x00,0x00,0x00,0x01,0xEF,
  0x90,0x00,0x00,0x00,0x00,0x00,0x6F,0xF2,0x00,0x00,0x00,0x00,0x00,0x0C,0xF8,0x00,0x00,0x00,0x07,0xCC,0x43,0xA9,0x00,0x00,
  0x00,0x5F,0xDF,0xE2,0x00,0x00,0x00,0x03,0xEE,0x35,0xFD,0x10,0x00,0x00,0x04,0x63,0x00,0x56,0x30,0x00,0x00,0x00,0x03,0x44,
  0x20,0x00,0x00,0x00,0x04,0xDF,0xFF,0xFB,0x20,0x00,0x00,0x6F,0xFF,0xFF,0xFF,0xE3,0x00,0x02,0xEF,0xF6,0x11,0x8F,0xFC,0x00,
  0x07,0xFF,0x70,0x00,0x0B,0xFF,0x40,0x0B,0xFF,0x20,0x00,0x05,0xFF,0x70,0x0C,0xFF,0x00,0x00,0x04,0xFF,0x80,0x0B,0xFF,0x20,
  0x00,0x06,0xFF,0x70,0x07,0xFF,0x80,0x00,0x0C,0xFF,0x30,0x01,0xEF,0xF8,0x33,0xAF,0xFB,0x00,0x00,0x4E,0xFF,0xFF,0xFF,0xD2,
  0x00,0x00,0x03,0xBF,0xFF,0xE9,0x10,0x00,0x00,0x00,0x01,0x22,0x00,0x00,0x00,0x00,0x00,0x00,0x00,0x00,0x05,0x75,0x00,0x00,
  0x00,0x00,0x00,0x00,0x00,0x9F,0xFF,0xB0,0x00,0x00,0x00,0x00,0x00,0x00,0xBA,0x1C,0xF1,0x00,0x00,0x00,0x00,0x00,0x00,0x00,
  0x6E,0xC0,0x00,0x00,0x00,0x00,0x04,0x65,0x04,0xFA,0x10,0x00,0x00,0x00,0x00,0x4F,0xFF,0x82,0x52,0x00,0x00,0x00,0x00,0x02,
  0xEF,0x4D,0xF5,0x00,0x00,0x00,0x00,0x00,0x09,0xC6,0x02,0xCB,0x20,0x00,0x00,0x00,0x00,0x00,0x00,0x00,0x00,0x00,0x00,0x00,
  0x00,0x00,0x02,0x7A,0xBA,0x84,0x00,0x00,0x00,0x00,0x01,0x9F,0xFF,0xFF,0xFF,0xC3,0x00,0x00,0x00,0x1B,0xFF,0xFF,0xDE,0xFF,
  0xFE,0x40,0x00,0x00,0x9F,0xFE,0x60,0x00,0x3C,0xFF,0xE1,0x00,0x03,0xFF,0xF3,0x00,0x00,0x00,0xBF,0xF9,0x00,0x09,0xFF,0x80,
  0x00,0x00,0x00,0x2F,0xFE,0x00,0x0D,0xFF,0x20,0x00,0x00,0x00,0x0C,0xFF,0x40,0x0F,0xFE,0x00,0x00,0x00,0x00,0x09,0xFF,0x60,
  0x0F,0xFE,0x00,0x00,0x00,0x00,0x08,0xFF,0x60,0x0E,0xFF,0x10,0x00,0x00,0x00,0x0A,0xFF,0x50,0x0B,0xFF,0x50,0x00,0x00,0x00,
  0x0E,0xFF,0x20,0x06,0xFF,0xC0,0x00,0x00,0x00,0x7F,0xFC,0x00,0x00,0xDF,0xFA,0x00,0x00,0x05,0xFF,0xF4,0x00,0x00,0x4F,0xFF,
  0xD8,0x67,0xBF,0xFF,0x90,0x00,0x00,0x04,0xEF,0xFF,0xFF,0xFF,0xF9,0x00,0x00,0x00,0x00,0x19,0xEF,0xFF,0xFB,0x40,0x00,0x00,
  0x00,0x00,0x00,0x01,0x32,0x00,0x00,0x00,0x00,0x00,0x00,0x00,0x00,0x1A,0xDC,0x50,0x00,0x00,0x00,0x00,0xAF,0xAE,0xF2,0x00,
  0x00,0x00,0x00,0x55,0x09,0xF4,0x00,0x00,0x00,0x00,0x00,0xAF,0xA0,0x00,0x00,0x07,0xCC,0x33,0xF9,0x00,0x00,0x00,0x5F,0xDF,
  0xE2,0x00,0x00,0x00,0x03,0xFE,0x26,0xFC,0x10,0x00,0x00,0x05,0x63,0x00,0x56,0x30,0x00,0x00,0x00,0x03,0x44,0x20,0x00,0x00,
  0x00,0x04,0xDF,0xFF,0xFB,0x20,0x00,0x00,0x6F,0xFF,0xFF,0xFF,0xE3,0x00,0x02,0xEF,0xF6,0x11,0x8F,0xFC,0x00,0x07,0xFF,0x70,
  0x00,0x0B,0xFF,0x40,0x0B,0xFF,0x20,0x00,0x05,0xFF,0x70,0x0C,0xFF,0x00,0x00,0x04,0xFF,0x80,0x0B,0xFF,0x20,0x00,0x06,0xFF,
  0x70,0x07,0xFF,0x80,0x00,0x0C,0xFF,0x30,0x01,0xEF,0xF8,0x33,0xAF,0xFB,0x00,0x00,0x4E,0xFF,0xFF,0xFF,0xD2,0x00,0x00,0x03,
  0xBF,0xFF,0xE9,0x10,0x00,0x00,0x00,0x01,0x22,0x00,0x00,0x00,0x00,0x00,0x00,0x23,0x00,0x12,0x00,0x00,0x00,0x00,0x00,0x04,
  0xFF,0xC3,0x8F,0x20,0x00,0x00,0x00,0x00,0x0A,0xF9,0xFF,0xFE,0x00,0x00,0x00,0x00,0x00,0x08,0x90,0x3A,0xC4,0x00,0x00,0x00,
  0x00,0x00,0x00,0x04,0x66,0x00,0x00,0x00,0x00,0x00,0x00,0x00,0x3F,0xFF,0x80,0x00,0x00,0x00,0x00,0x00,0x02,0xEF,0x4C,0xF6,
  0x00,0x00,0x00,0x00,0x00,0x09,0xC6,0x02,0xCC,0x20,0x00,0x00,0x00,0x00,0x00,0x00,0x00,0x00,0x00,0x00,0x00,0x00,0x00,0x02,
  0x7A,0xBA,0x84,0x00,0x00,0x00,0x00,0x01,0x9F,0xFF,0xFF,0xFF,0xC3,0x00,0x00,0x00,0x1B,0xFF,0xFF,0xDE,0xFF,0xFE,0x40,0x00,
  0x00,0x9F,0xFE,0x60,0x00,0x3C,0xFF,0xE1,0x00,0x03,0xFF,0xF3,0x00,0x00,0x00,0xBF,0xF9,0x00,0x09,0xFF,0x80,0x00,0x00,0x00,
  0x2F,0xFE,0x00,0x0D,0xFF,0x20,0x00,0x00,0x00,0x0C,0xFF,0x40,0x0F,0xFE,0x00,0x00,0x00,0x00,0x09,0xFF,0x60,0x0F,0xFE,0x00,
  0x00,0x00,0x00,0x08,0xFF,0x60,0x0E,0xFF,0x10,0x00,0x00,0x00,0x0A,0xFF,0x50,0x0B,0xFF,0x50,0x00,0x00,0x00,0x0E,0xFF,0x20,
  0x06,0xFF,0xC0,0x00,0x00,0x00,0x7F,0xFC,0x00,0x00,0xDF,0xFA,0x00,0x00,0x05,0xFF,0xF4,0x00,0x00,0x4F,0xFF,0xD8,0x67,0xBF,
  0xFF,0x90,0x00,0x00,0x04,0xEF,0xFF,0xFF,0xFF,0xF9,0x00,0x00,0x00,0x00,0x19,0xEF,0xFF,0xFB,0x40,0x00,0x00,0x00,0x00,0x00,
  0x01,0x32,0x00,0x00,0x00,0x00,0x00,0x00,0x69,0x50,0x28,0x30,0x00,0x00,0x04,0xFF,0xFA,0x9F,0x40,0x00,0x00,0x08,0xF4,0x9F,
  0xFD,0x10,0x00,0x00,0x03,0x50,0x03,0x62,0x00,0x00,0x00,0x00,0x07,0xCC,0x40,0x00,0x00,0x00,0x00,0x5F,0xDF,0xE2,0x00,0x00,
  0x00,0x03,0xEE,0x26,0xFD,0x10,0x00,0x00,0x04,0x63,0x00,0x56,0x30,0x00,0x00,0x00,0x03,0x44,0x20,0x00,0x00,0x00,0x04,0xDF,
  0xFF,0xFB,0x20,0x00,0x00,0x6F,0xFF,0xFF,0xFF,0xE3,0x00,0x02,0xEF,0xF6,0x11,0x8F,0xFC,0x00,0x07,0xFF,0x70,0x00,0x0B,0xFF,
  0x40,0x0B,0xFF,0x20,0x00,0x05,0xFF,0x70,0x0C,0xFF,0x00,0x00,0x04,0xFF,0x80,0x0B,0xFF,0x20,0x00,0x06,0xFF,0x70,0x07,0xFF,
  0x80,0x00,0x0C,0xFF,0x30,0x01,0xEF,0xF8,0x33,0xAF,0xFB,0x00,0x00,0x4E,0xFF,0xFF,0xFF,0xD2,0x00,0x00,0x03,0xBF,0xFF,0xE9,
  0x10,0x00,0x00,0x00,0x01,0x22,0x00,0x00,0x00,0x00,0x00,0x00,0x03,0x66,0x00,0x00,0x00,0x00,0x00,0x00,0x00,0x3E,0xFF,0x90,
  0x00,0x00,0x00,0x00,0x00,0x02,0xEF,0x5C,0xF6,0x00,0x00,0x00,0x00,0x00,0x09,0xC6,0x02,0xBC,0x20,0x00,0x00,0x00,0x00,0x00,
  0x00,0x00,0x00,0x00,0x00,0x00,0x00,0x00,0x02,0x7A,0xBA,0x84,0x00,0x00,0x00,0x00,0x01,0x9F,0xFF,0xFF,0xFF,0xC3,0x00,0x00,
  0x00,0x1B,0xFF,0xFF,0xDE,0xFF,0xFE,0x40,0x00,0x00,0x9F,0xFE,0x60,0x00,0x3C,0xFF,0xE1,0x00,0x03,0xFF,0xF3,0x00,0x00,0x00,
  0xBF,0xF9,0x00,0x09,0xFF,0x80,0x00,0x00,0x00,0x2F,0xFE,0x00,0x0D,0xFF,0x20,0x00,0x00,0x00,0x0C,0xFF,0x40,0x0F,0xFE,0x00,
  0x00,0x00,0x00,0x09,0xFF,0x60,0x0F,0xFE,0x00,0x00,0x00,0x00,0x08,0xFF,0x60,0x0E,0xFF,0x10,0x00,0x00,0x00,0x0A,0xFF,0x50,
  0x0B,0xFF,0x50,0x00,0x00,0x00,0x0E,0xFF,0x20,0x06,0xFF,0xC0,0x00,0x00,0x00,0x7F,0xFC,0x00,0x00,0xDF,0xFA,0x00,0x00,0x05,
  0xFF,0xF4,0x00,0x00,0x4F,0xFF,0xD8,0x67,0xBF,0xFF,0x90,0x00,0x00,0x04,0xEF,0xFF,0xFF,0xFF,0xF9,0x00,0x00,0x00,0x00,0x19,
  0xEF,0xFF,0xFB,0x40,0x00,0x00,0x00,0x00,0x00,0x01,0x32,0x00,0x00,0x00,0x00,0x00,0x00,0x00,0x00,0x10,0x00,0x00,0x00,0x00,
  0x00,0x00,0x00,0x07,0xFC,0x00,0x00,0x00,0x00,0x00,0x00,0x00,0x0C,0xFF,0x30,0x00,0x00,0x00,0x00,0x00,0x00,0x06,0xFB,0x00,
  0x00,0x00,0x00,0x00,0x00,0x00,0x00,0x00,0x00,0x00,0x00,0x00,0x00,0x00,0x02,0x44,0x10,0x00,0x00,0x00,0x00,0x0C,0xFF,0x90,
  0x00,0x00,0x00,0x00,0x8F,0xAD,0xF5,0x00,0x00,0x00,0x04,0xFE,0x13,0xFE,0x10,0x00,0x00,0x05,0x63,0x00,0x46,0x30,0x00,0x00,
  0x00,0x03,0x44,0x20,0x00,0x00,0x00,0x04,0xDF,0xFF,0xFB,0x20,0x00,0x00,0x6F,0xFF,0xFF,0xFF,0xE3,0x00,0x02,0xEF,0xF6,0x11,
  0x8F,0xFC,0x00,0x07,0xFF,0x70,0x00,0x0B,0xFF,0x40,0x0B,0xFF,0x20,0x00,0x05,0xFF,0x70,0x0C,0xFF,0x00,0x00,0x04,0xFF,0x80,
  0x0B,0xFF,0x20,0x00,0x06,0xFF,0x70,0x07,0xFF,0x80,0x00,0x0C,0xFF,0x30,0x01,0xEF,0xF8,0x33,0xAF,0xFB,0x00,0x00,0x4E,0xFF,
  0xFF,0xFF,0xD2,0x00,0x00,0x03,0xBF,0xFF,0xE9,0x10,0x00,0x00,0x00,0x01,0x22,0x00,0x00,0x00,0x00,0x00,0x00,0x00,0x00,0x00,
  0x00,0x00,0x00,0x05,0xFE,0x20,0x00,0x00,0x00,0x00,0x0A,0xFF,0x60,0x00,0x00,0x00,0x00,0x04,0xED,0x20,0x00,0x00,0x00,0x00,
  0x00,0x00,0x00,0x00,0x00,0x00,0x00,0x00,0x00,0x0D,0xE9,0x00,0x00,0x00,0x00,0x00,0x00,0x00,0x6F,0xE2,0x00,0x00,0x00,0x00,
  0x00,0x00,0x00,0xDF,0x70,0x00,0x00,0x00,0x00,0x00,0x00,0x03,0xDC,0x00,0x0C,0xFA,0x00,0x00,0x00,0x00,0x00,0x00,0x00,0x0D,
  0xFA,0x00,0x00,0x00,0x02,0x7A,0xBB,0xBB,0xCF,0xF7,0x00,0x00,0x01,0x9F,0xFF,0xFF,0xFF,0xFE,0x91,0x00,0x00,0x1B,0xFF,0xFF,
  0xDE,0xFF,0xFE,0x30,0x00,0x00,0x9F,0xFE,0x60,0x00,0x3C,0xFF,0xE1,0x00,0x03,0xFF,0xF3,0x00,0x00,0x00,0xBF,0xF9,0x00,0x09,
  0xFF,0x80,0x00,0x00,0x00,0x2F,0xFE,0x00,0x0D,0xFF,0x20,0x00,0x00,0x00,0x0C,0xFF,0x40,0x0F,0xFE,0x00,0x00,0x00,0x00,0x09,
  0xFF,0x50,0x0F,0xFE,0x00,0x00,0x00,0x00,0x08,0xFF,0x60,0x0E,0xFF,0x10,0x00,0x00,0x00,0x0A,0xFF,0x50,0x0B,0xFF,0x50,0x00,
  0x00,0x00,0x0E,0xFF,0x20,0x06,0xFF,0xC0,0x00,0x00,0x00,0x7F,0xFC,0x00,0x00,0xDF,0xFA,0x00,0x00,0x05,0xFF,0xF4,0x00,0x00,
  0x4F,0xFF,0xD8,0x67,0xBF,0xFF,0x90,0x00,0x00,0x04,0xEF,0xFF,0xFF,0xFF,0xF9,0x00,0x00,0x00,0x00,0x19,0xEF,0xFF,0xFB,0x40,
  0x00,0x00,0x00,0x00,0x00,0x01,0x32,0x00,0x00,0x00,0x00,0x00,0x00,0x00,0x04,0x87,0x10,0x00,0x00,0x00,0x00,0x0D,0xF9,0x00,
  0x00,0x00,0x00,0x00,0x6F,0xE1,0x00,0x00,0x00,0x00,0x00,0xCF,0x60,0x59,0x70,0x00,0x00,0x00,0x44,0x00,0x9F,0xB0,0x00,0x00,
  0x03,0x45,0x56,0xDF,0xA0,0x00,0x04,0xDF,0xFF,0xFF,0xFE,0x30,0x00,0x6F,0xFF,0xFF,0xFF,0xF3,0x00,0x02,0xEF,0xF6,0x11,0x8F,
  0xFD,0x00,0x07,0xFF,0x70,0x00,0x0B,0xFF,0x40,0x0B,0xFF,0x20,0x00,0x05,0xFF,0x80,0x0C,0xFF,0x00,0x00,0x04,0xFF,0x80,0x0B,
  0xFF,0x20,0x00,0x06,0xFF,0x70,0x07,0xFF,0x80,0x00,0x0C,0xFF,0x30,0x01,0xEF,0xF8,0x33,0xAF,0xFB,0x00,0x00,0x4E,0xFF,0xFF,
  0xFF,0xD2,0x00,0x00,0x03,0xBF,0xFF,0xE9,0x10,0x00,0x00,0x00,0x01,0x22,0x00,0x00,0x00,0x00,0x00,0x05,0xEE,0x30,0x00,0x00,
  0x00,0x00,0x00,0x00,0x00,0xCF,0xA0,0x00,0x00,0x00,0x00,0x00,0x00,0x00,0x3F,0xF2,0x00,0x00,0x00,0x00,0x00,0x00,0x00,0x08,
  0xD7,0x00,0x0C,0xFA,0x00,0x00,0x00,0x00,0x00,0x00,0x00,0x0D,0xFA,0x00,0x00,0x00,0x02,0x7A,0xBB,0xBB,0xCF,0xF7,0x00,0x00,
  0x01,0x9F,0xFF,0xFF,0xFF,0xFE,0x91,0x00,0x00,0x1B,0xFF,0xFF,0xDE,0xFF,0xFE,0x30,0x00,0x00,0x9F,0xFE,0x60,0x00,0x3C,0xFF,
  0xE1,0x00,0x03,0xFF,0xF3,0x00,0x00,0x00,0xBF,0xF9,0x00,0x09,0xFF,0x80,0x00,0x00,0x00,0x2F,0xFE,0x00,0x0D,0xFF,0x20,0x00,
  0x00,0x00,0x0C,0xFF,0x40,0x0F,0xFE,0x00,0x00,0x00,0x00,0x09,0xFF,0x50,0x0F,0xFE,0x00,0x00,0x00,0x00,0x08,0xFF,0x60,0x0E,
  0xFF,0x10,0x00,0x00,0x00,0x0A,0xFF,0x50,0x0B,0xFF,0x50,0x00,0x00,0x00,0x0E,0xFF,0x20,0x06,0xFF,0xC0,0x00,0x00,0x00,0x7F,
  0xFC,0x00,0x00,0xDF,0xFA,0x00,0x00,0x05,0xFF,0xF4,0x00,0x00,0x4F,0xFF,0xD8,0x67,0xBF,0xFF,0x90,0x00,0x00,0x04,0xEF,0xFF,
  0xFF,0xFF,0xF9,0x00,0x00,0x00,0x00,0x19,0xEF,0xFF,0xFB,0x40,0x00,0x00,0x00,0x00,0x00,0x01,0x32,0x00,0x00,0x00,0x00,0x00,
  0x02,0x88,0x30,0x00,0x00,0x00,0x00,0x00,0xCF,0xB0,0x00,0x00,0x00,0x00,0x00,0x3F,0xF3,0x00,0x00,0x00,0x00,0x00,0x09,0xFA,
  0x00,0x59,0x70,0x00,0x00,0x01,0x44,0x00,0x9F,0xB0,0x00,0x00,0x03,0x45,0x56,0xDF,0xA0,0x00,0x04,0xDF,0xFF,0xFF,0xFE,0x30,
  0x00,0x6F,0xFF,0xFF,0xFF,0xF3,0x00,0x02,0xEF,0xF6,0x11,0x8F,0xFD,0x00,0x07,0xFF,0x70,0x00,0x0B,0xFF,0x40,0x0B,0xFF,0x20,
  0x00,0x05,0xFF,0x80,0x0C,0xFF,0x00,0x00,0x04,0xFF,0x80,0x0B,0xFF,0x20,0x00,0x06,0xFF,0x70,0x07,0xFF,0x80,0x00,0x0C,0xFF,
  0x30,0x01,0xEF,0xF8,0x33,0xAF,0xFB,0x00,0x00,0x4E,0xFF,0xFF,0xFF,0xD2,0x00,0x00,0x03,0xBF,0xFF,0xE9,0x10,0x00,0x00,0x00,
  0x01,0x22,0x00,0x00,0x00,0x00,0x00,0x00,0x19,0xCA,0x30,0x00,0x00,0x00,0x00,0x00,0x00,0x9F,0xCE,0xE1,0x00,0x00,0x00,0x00,
  0x00,0x00,0x67,0x09,0xF3,0x00,0x00,0x00,0x00,0x00,0x00,0x00,0x8F,0xB0,0x00,0x00,0x00,0x00,0x00,0x00,0x03,0xFA,0x00,0x0C,
  0xFA,0x00,0x00,0x00,0x00,0x00,0x11,0x00,0x0D,0xFA,0x00,0x00,0x00,0x02,0x7A,0xBB,0xBB,0xCF,0xF7,0x00,0x00,0x01,0x9F,0xFF,
  0xFF,0xFF,0xFE,0x91,0x00,0x00,0x1B,0xFF,0xFF,0xDE,0xFF,0xFE,0x30,0x00,0x00,0x9F,0xFE,0x60,0x00,0x3C,0xFF,0xE1,0x00,0x03,
  0xFF,0xF3,0x00,0x00,0x00,0xBF,0xF9,0x00,0x09,0xFF,0x80,0x00,0x00,0x00,0x2F,0xFE,0x00,0x0D,0xFF,0x20,0x00,0x00,0x00,0x0C,
  0xFF,0x40,0x0F,0xFE,0x00,0x00,0x00,0x00,0x09,0xFF,0x50,0x0F,0xFE,0x00,0x00,0x00,0x00,0x08,0xFF,0x60,0x0E,0xFF,0x10,0x00,
  0x00,0x00,0x0A,0xFF,0x50,0x0B,0xFF,0x50,0x00,0x00,0x00,0x0E,0xFF,0x20,0x06,0xFF,0xC0,0x00,0x00,0x00,0x7F,0xFC,0x00,0x00,
  0xDF,0xFA,0x00,0x00,0x05,0xFF,0xF4,0x00,0x00,0x4F,0xFF,0xD8,0x67,0xBF,0xFF,0x90,0x00,0x00,0x04,0xEF,0xFF,0xFF,0xFF,0xF9,
  0x00,0x00,0x00,0x00,0x19,0xEF,0xFF,0xFB,0x40,0x00,0x00,0x00,0x00,0x00,0x01,0x32,0x00,0x00,0x00,0x00,0x00,0x00,0x02,0x65,
  0x00,0x00,0x00,0x00,0x00,0x3F,0xFF,0xD1,0x00,0x00,0x00,0x00,0x8E,0x39,0xF5,0x00,0x00,0x00,0x00,0x00,0x2C,0xF3,0x00,0x00,
  0x00,0x00,0x00,0xEE,0x50,0x59,0x70,0x00,0x00,0x01,0x74,0x00,0x9F,0xB0,0x00,0x00,0x03,0x45,0x56,0xDF,0xA0,0x00,0x04,0xDF,
  0xFF,0xFF,0xFE,0x30,0x00,0x6F,0xFF,0xFF,0xFF,0xF3,0x00,0x02,0xEF,0xF6,0x11,0x8F,0xFD,0x00,0x07,0xFF,0x70,0x00,0x0B,0xFF,
  0x40,0x0B,0xFF,0x20,0x00,0x05,0xFF,0x80,0x0C,0xFF,0x00,0x00,0x04,0xFF,0x80,0x0B,0xFF,0x20,0x00,0x06,0xFF,0x70,0x07,0xFF,
  0x80,0x00,0x0C,0xFF,0x30,0x01,0xEF,0xF8,0x33,0xAF,0xFB,0x00,0x00,0x4E,0xFF,0xFF,0xFF,0xD2,0x00,0x00,0x03,0xBF,0xFF,0xE9,
  0x10,0x00,0x00,0x00,0x01,0x22,0x00,0x00,0x00,0x00,0x00,0x00,0x45,0x10,0x25,0x10,0x00,0x00,0x00,0x00,0x06,0xFF,0xE4,0xAF,
  0x10,0x00,0x00,0x00,0x00,0x0B,0xE7,0xEF,0xFC,0x00,0x00,0x00,0x00,0x00,0x07,0x60,0x28,0x92,0x0C,0xFA,0x00,0x00,0x00,0x00,
  0x00,0x00,0x00,0x0D,0xFA,0x00,0x00,0x00,0x02,0x7A,0xBB,0xBB,0xCF,0xF7,0x00,0x00,0x01,0x9F,0xFF,0xFF,0xFF,0xFE,0x91,0x00,
  0x00,0x1B,0xFF,0xFF,0xDE,0xFF,0xFE,0x30,0x00,0x00,0x9F,0xFE,0x60,0x00,0x3C,0xFF,0xE1,0x00,0x03,0xFF,0xF3,0x00,0x00,0x00,
  0xBF,0xF9,0x00,0x09,0xFF,0x80,0x00,0x00,0x00,0x2F,0xFE,0x00,0x0D,0xFF,0x20,0x00,0x00,0x00,0x0C,0xFF,0x40,0x0F,0xFE,0x00,
  0x00,0x00,0x00,0x09,0xFF,0x50,0x0F,0xFE,0x00,0x00,0x00,0x00,0x08,0xFF,0x60,0x0E,0xFF,0x10,0x00,0x00,0x00,0x0A,0xFF,0x50,
  0x0B,0xFF,0x50,0x00,0x00,0x00,0x0E,0xFF,0x20,0x06,0xFF,0xC0,0x00,0x00,0x00,0x7F,0xFC,0x00,0x00,0xDF,0xFA,0x00,0x00,0x05,
  0xFF,0xF4,0x00,0x00,0x4F,0xFF,0xD8,0x67,0xBF,0xFF,0x90,0x00,0x00,0x04,0xEF,0xFF,0xFF,0xFF,0xF9,0x00,0x00,0x00,0x00,0x19,
  0xEF,0xFF,0xFB,0x40,0x00,0x00,0x00,0x00,0x00,0x01,0x32,0x00,0x00,0x00,0x00,0x00,0x01,0xBD,0x91,0x5D,0x10,0x00,0x00,0x07,
  0xFD,0xFD,0xDE,0x00,0x00,0x00,0x08,0xD0,0x5E,0xF6,0x59,0x70,0x00,0x00,0x00,0x00,0x00,0x9F,0xB0,0x00,0x00,0x03,0x45,0x56,
  0xDF,0xA0,0x00,0x04,0xDF,0xFF,0xFF,0xFE,0x30,0x00,0x6F,0xFF,0xFF,0xFF,0xF3,0x00,0x02,0xEF,0xF6,0x11,0x8F,0xFD,0x00,0x07,
  0xFF,0x70,0x00,0x0B,0xFF,0x40,0x0B,0xFF,0x20,0x00,0x05,0xFF,0x80,0x0C,0xFF,0x00,0x00,0x04,0xFF,0x80,0x0B,0xFF,0x20,0x00,
  0x06,0xFF,0x70,0x07,0xFF,0x80,0x00,0x0C,0xFF,0x30,0x01,0xEF,0xF8,0x33,0xAF,0xFB,0x00,0x00,0x4E,0xFF,0xFF,0xFF,0xD2,0x00,
  0x00,0x03,0xBF,0xFF,0xE9,0x10,0x00,0x00,0x00,0x01,0x22,0x00,0x00,0x00,0x00,0x00,0x00,0x00,0x00,0x00,0x0C,0xFA,0x00,0x00,
  0x00,0x00,0x00,0x00,0x00,0x0D,0xFA,0x00,0x00,0x00,0x02,0x7A,0xBB,0xBB,0xCF,0xF7,0x00,0x00,0x01,0x9F,0xFF,0xFF,0xFF,0xFE,
  0x91,0x00,0x00,0x1B,0xFF,0xFF,0xDE,0xFF,0xFE,0x30,0x00,0x00,0x9F,0xFE,0x60,0x00,0x3C,0xFF,0xE1,0x00,0x03,0xFF,0xF3,0x00,
  0x00,0x00,0xBF,0xF9,0x00,0x09,0xFF,0x80,0x00,0x00,0x00,0x2F,0xFE,0x00,0x0D,0xFF,0x20,0x00,0x00,0x00,0x0C,0xFF,0x40,0x0F,
  0xFE,0x00,0x00,0x00,0x00,0x09,0xFF,0x50,0x0F,0xFE,0x00,0x00,0x00,0x00,0x08,0xFF,0x60,0x0E,0xFF,0x10,0x00,0x00,0x00,0x0A,
  0xFF,0x50,0x0B,0xFF,0x50,0x00,0x00,0x00,0x0E,0xFF,0x20,0x06,0xFF,0xC0,0x00,0x00,0x00,0x7F,0xFC,0x00,0x00,0xDF,0xFA,0x00,
  0x00,0x05,0xFF,0xF4,0x00,0x00,0x4F,0xFF,0xD8,0x67,0xBF,0xFF,0x90,0x00,0x00,0x04,0xEF,0xFF,0xFF,0xFF,0xF9,0x00,0x00,0x00,
  0x00,0x19,0xEF,0xFF,0xFB,0x40,0x00,0x00,0x00,0x00,0x00,0x01,0x32,0x00,0x00,0x00,0x00,0x00,0x00,0x00,0x00,0x10,0x00,0x00,
  0x00,0x00,0x00,0x00,0x00,0x08,0xFB,0x00,0x00,0x00,0x00,0x00,0x00,0x00,0x0E,0xFF,0x20,0x00,0x00,0x00,0x00,0x00,0x00,0x08,
  0xFA,0x00,0x00,0x00,0x00,0x00,0x00,0x00,0x00,0x00,0x00,0x00,0x00,0x00,0x00,0x00,0x00,0x00,0x00,0x59,0x70,0x00,0x00,0x00,
  0x00,0x00,0x9F,0xB0,0x00,0x00,0x03,0x45,0x56,0xDF,0xA0,0x00,0x04,0xDF,0xFF,0xFF,0xFE,0x30,0x00,0x6F,0xFF,0xFF,0xFF,0xF3,
  0x00,0x02,0xEF,0xF6,0x11,0x8F,0xFD,0x00,0x07,0xFF,0x70,0x00,0x0B,0xFF,0x40,0x0B,0xFF,0x20,0x00,0x05,0xFF,0x80,0x0C,0xFF,
  0x00,0x00,0x04,0xFF,0x80,0x0B,0xFF,0x20,0x00,0x06,0xFF,0x70,0x07,0xFF,0x80,0x00,0x0C,0xFF,0x30,0x01,0xEF,0xF8,0x33,0xAF,
  0xFB,0x00,0x00,0x4E,0xFF,0xFF,0xFF,0xD2,0x00,0x00,0x03,0xBF,0xFF,0xE9,0x10,0x00,0x00,0x00,0x01,0x22,0x00,0x00,0x00,0x00,
  0x00,0x00,0x01,0x00,0x00,0x00,0x00,0x00,0x00,0xCF,0x80,0x00,0x00,0x00,0x00,0x02,0xFF,0xD0,0x00,0x00,0x00,0x00,0x00,0xBF,
  0x70,0x00,0x00,0x00,0x00,0x00,0x00,0x00,0x00,0x00,0x03,0x88,0x40,0x00,0x00,0x07,0x88,0x00,0x05,0xFF,0x80,0x00,0x00,0x0C,
  0xFF,0x00,0x05,0xFF,0x80,0x00,0x00,0x0C,0xFF,0x00,0x05,0xFF,0x80,0x00,0x00,0x0C,0xFF,0x00,0x05,0xFF,0x80,0x00,0x00,0x0C,
  0xFF,0x00,0x05,0xFF,0x80,0x00,0x00,0x0C,0xFF,0x00,0x05,0xFF,0x80,0x00,0x00,0x0C,0xFF,0x00,0x05,0xFF,0x80,0x00,0x00,0x0C,
  0xFF,0x00,0x05,0xFF,0x80,0x00,0x00,0x0C,0xFF,0x00,0x05,0xFF,0x80,0x00,0x00,0x0C,0xFF,0x00,0x05,0xFF,0x80,0x00,0x00,0x0D,
  0xFE,0x00,0x03,0xFF,0xB0,0x00,0x00,0x1F,0xFD,0x00,0x00,0xEF,0xF5,0x00,0x00,0xAF,0xF9,0x00,0x00,0x8F,0xFF,0xB8,0x9D,0xFF,
  0xF3,0x00,0x00,0x0B,0xFF,0xFF,0xFF,0xFF,0x60,0x00,0x00,0x00,0x6C,0xFF,0xFF,0xB3,0x00,0x00,0x00,0x00,0x00,0x13,0x20,0x00,
  0x00,0x00,0x00,0x00,0x00,0x01,0x00,0x00,0x00,0x00,0x00,0x00,0x00,0x7F,0xC1,0x00,0x00,0x00,0x00,0x00,0x00,0xDF,0xF3,0x00,
  0x00,0x00,0x00,0x00,0x00,0x7F,0xB0,0x00,0x00,0x00,0x00,0x00,0x00,0x00,0x00,0x00,0x00,0x00,0x01,0x22,0x10,0x00,0x12,0x20,
  0x00,0x07,0xFF,0x50,0x00,0xAF,0xF2,0x00,0x07,0xFF,0x50,0x00,0xAF,0xF2,0x00,0x07,0xFF,0x50,0x00,0xAF,0xF2,0x00,0x07,0xFF,
  0x50,0x00,0xAF,0xF2,0x00,0x07,0xFF,0x50,0x00,0xAF,0xF2,0x00,0x07,0xFF,0x50,0x00,0xAF,0xF2,0x00,0x07,0xFF,0x50,0x00,0xBF,
  0xF2,0x00,0x07,0xFF,0x60,0x00,0xEF,0xF2,0x00,0x05,0xFF,0xD4,0x29,0xFF,0xF2,0x00,0x01,0xDF,0xFF,0xFE,0xCF,0xF2,0x00,0x00,
  0x4D,0xFF,0xE4,0xAF,0xF2,0x00,0x00,0x00,0x22,0x00,0x00,0x00,0x00,0x00,0x00,0x00,0x10,0x00,0x00,0x00,0x00,0x00,0x1C,0xF7,
  0x00,0x00,0x00,0x00,0x00,0x4F,0xFC,0x00,0x00,0x00,0x00,0x00,0x1C,0xF6,0x00,0x00,0x00,0x00,0x00,0x00,0x00,0x00,0x00,0x00,
  0x00,0x00,0x00,0x7C,0xB5,0x00,0x00,0x00,0x00,0x00,0x07,0xFC,0xEF,0x30,0x00,0x00,0x00,0x00,0x05,0x80,0x7F,0x60,0x00,0x00,
  0x00,0x00,0x00,0x07,0xED,0x10,0x00,0x00,0x00,0x00,0x00,0x0F,0xC1,0x00,0x00,0x00,0x00,0x00,0x00,0x01,0x10,0x00,0x00,0x00,
  0x03,0x88,0x40,0x00,0x00,0x07,0x88,0x00,0x05,0xFF,0x80,0x00,0x00,0x0C,0xFF,0x00,0x05,0xFF,0x80,0x00,0x00,0x0C,0xFF,0x00,
  0x05,0xFF,0x80,0x00,0x00,0x0C,0xFF,0x00,0x05,0xFF,0x80,0x00,0x00,0x0C,0xFF,0x00,0x05,0xFF,0x80,0x00,0x00,0x0C,0xFF,0x00,
  0x05,0xFF,0x80,0x00,0x00,0x0C,0xFF,0x00,0x05,0xFF,0x80,0x00,0x00,0x0C,0xFF,0x00,0x05,0xFF,0x80,0x00,0x00,0x0C,0xFF,0x00,
  0x05,0xFF,0x80,0x00,0x00,0x0C,0xFF,0x00,0x05,0xFF,0x80,0x00,0x00,0x0D,0xFE,0x00,0x03,0xFF,0xB0,0x00,0x00,0x1F,0xFD,0x00,
  0x00,0xEF,0xF5,0x00,0x00,0xAF,0xF9,0x00,0x00,0x8F,0xFF,0xB8,0x9D,0xFF,0xF3,0x00,0x00,0x0B,0xFF,0xFF,0xFF,0xFF,0x60,0x00,
  0x00,0x00,0x6C,0xFF,0xFF,0xB3,0x00,0x00,0x00,0x00,0x00,0x13,0x20,0x00,0x00,0x00,0x00,0x00,0x04,0x63,0x00,0x00,0x00,0x00,
  0x00,0xAF,0xFF,0x70,0x00,0x00,0x00,0x01,0xEA,0x3E,0xE0,0x00,0x00,0x00,0x00,0x00,0x5F,0xB0,0x00,0x00,0x00,0x00,0x06,0xFB,
  0x10,0x00,0x00,0x00,0x00,0x04,0x71,0x00,0x00,0x00,0x01,0x22,0x10,0x00,0x12,0x20,0x00,0x07,0xFF,0x50,0x00,0xAF,0xF2,0x00,
  0x07,0xFF,0x50,0x00,0xAF,0xF2,0x00,0x07,0xFF,0x50,0x00,0xAF,0xF2,0x00,0x07,0xFF,0x50,0x00,0xAF,0xF2,0x00,0x07,0xFF,0x50,
  0x00,0xAF,0xF2,0x00,0x07,0xFF,0x50,0x00,0xAF,0xF2,0x00,0x07,0xFF,0x50,0x00,0xBF,0xF2,0x00,0x07,0xFF,0x60,0x00,0xEF,0xF2,
  0x00,0x05,0xFF,0xD4,0x29,0xFF,0xF2,0x00,0x01,0xDF,0xFF,0xFE,0xCF,0xF2,0x00,0x00,0x4D,0xFF,0xE4,0xAF,0xF2,0x00,0x00,0x00,
  0x22,0x00,0x00,0x00,0x00,0x00,0x00,0x00,0x00,0x8E,0xD1,0x00,0x00,0x00,0x00,0x00,0x00,0x01,0xEF,0x70,0x00,0x00,0x00,0x00,
  0x00,0x00,0x07,0xFC,0x00,0x00,0x00,0x00,0x00,0x00,0x00,0x0C,0xD4,0x00,0x00,0xBC,0x60,0x00,0x00,0x00,0x00,0x00,0x00,0x00,
  0xEF,0x70,0x03,0x88,0x40,0x00,0x00,0x07,0x8A,0xFF,0x50,0x05,0xFF,0x80,0x00,0x00,0x0C,0xFF,0xEA,0x00,0x05,0xFF,0x80,0x00,
  0x00,0x0C,0xFF,0x00,0x00,0x05,0xFF,0x80,0x00,0x00,0x0C,0xFF,0x00,0x00,0x05,0xFF,0x80,0x00,0x00,0x0C,0xFF,0x00,0x00,0x05,
  0xFF,0x80,0x00,0x00,0x0C,0xFF,0x00,0x00,0x05,0xFF,0x80,0x00,0x00,0x0C,0xFF,0x00,0x00,0x05,0xFF,0x80,0x00,0x00,0x0C,0xFF,
  0x00,0x00,0x05,0xFF,0x80,0x00,0x00,0x0C,0xFF,0x00,0x00,0x05,0xFF,0x80,0x00,0x00,0x0C,0xFF,0x00,0x00,0x05,0xFF,0x80,0x00,
  0x00,0x0D,0xFE,0x00,0x00,0x03,0xFF,0xB0,0x00,0x00,0x1F,0xFD,0x00,0x00,0x00,0xEF,0xF5,0x00,0x00,0xAF,0xF9,0x00,0x00,0x00,
  0x8F,0xFF,0xB8,0x9D,0xFF,0xF3,0x00,0x00,0x00,0x0B,0xFF,0xFF,0xFF,0xFF,0x60,0x00,0x00,0x00,0x00,0x6C,0xFF,0xFF,0xB3,0x00,
  0x00,0x00,0x00,0x00,0x00,0x13,0x20,0x00,0x00,0x00,0x00,0x00,0x00,0x00,0x28,0x83,0x00,0x00,0x00,0x00,0x00,0x9F,0xD1,0x00,
  0x00,0x00,0x00,0x02,0xFF,0x50,0x00,0x00,0x00,0x00,0x08,0xFB,0x00,0x05,0x63,0x00,0x00,0x03,0x41,0x00,0x0C,0xF7,0x01,0x22,
  0x10,0x00,0x12,0x3E,0xF6,0x07,0xFF,0x50,0x00,0xAF,0xFF,0xE2,0x07,0xFF,0x50,0x00,0xAF,0xF6,0x10,0x07,0xFF,0x50,0x00,0xAF,
  0xF2,0x00,0x07,0xFF,0x50,0x00,0xAF,0xF2,0x00,0x07,0xFF,0x50,0x00,0xAF,0xF2,0x00,0x07,0xFF,0x50,0x00,0xAF,0xF2,0x00,0x07,
  0xFF,0x50,0x00,0xBF,0xF2,0x00,0x07,0xFF,0x60,0x00,0xEF,0xF2,0x00,0x05,0xFF,0xD4,0x29,0xFF,0xF2,0x00,0x01,0xDF,0xFF,0xFE,
  0xCF,0xF2,0x00,0x00,0x4D,0xFF,0xE4,0xAF,0xF2,0x00,0x00,0x00,0x22,0x00,0x00,0x00,0x00,0x00,0x00,0x1D,0xE8,0x00,0x00,0x00,
  0x00,0x00,0x00,0x00,0x07,0xFE,0x10,0x00,0x00,0x00,0x00,0x00,0x00,0x00,0xDF,0x70,0x00,0x00,0x00,0x00,0x00,0x00,0x00,0x4D,
  0xB0,0x00,0x00,0xBC,0x60,0x00,0x00,0x00,0x00,0x00,0x00,0x00,0xEF,0x70,0x03,0x88,0x40,0x00,0x00,0x07,0x8A,0xFF,0x50,0x05,
  0xFF,0x80,0x00,0x00,0x0C,0xFF,0xEA,0x00,0x05,0xFF,0x80,0x00,0x00,0x0C,0xFF,0x00,0x00,0x05,0xFF,0x80,0x00,0x00,0x0C,0xFF,
  0x00,0x00,0x05,0xFF,0x80,0x00,0x00,0x0C,0xFF,0x00,0x00,0x05,0xFF,0x80,0x00,0x00,0x0C,0xFF,0x00,0x00,0x05,0xFF,0x80,0x00,
  0x00,0x0C,0xFF,0x00,0x00,0x05,0xFF,0x80,0x00,0x00,0x0C,0xFF,0x00,0x00,0x05,0xFF,0x80,0x00,0x00,0x0C,0xFF,0x00,0x00,0x05,
  0xFF,0x80,0x00,0x00,0x0C,0xFF,0x00,0x00,0x05,0xFF,0x80,0x00,0x00,0x0D,0xFE,0x00,0x00,0x03,0xFF,0xB0,0x00,0x00,0x1F,0xFD,
  0x00,0x00,0x00,0xEF,0xF5,0x00,0x00,0xAF,0xF9,0x00,0x00,0x00,0x8F,0xFF,0xB8,0x9D,0xFF,0xF3,0x00,0x00,0x00,0x0B,0xFF,0xFF,
  0xFF,0xFF,0x60,0x00,0x00,0x00,0x00,0x6C,0xFF,0xFF,0xB3,0x00,0x00,0x00,0x00,0x00,0x00,0x13,0x20,0x00,0x00,0x00,0x00,0x00,
  0x07,0x85,0x00,0x00,0x00,0x00,0x00,0x07,0xFF,0x10,0x00,0x00,0x00,0x00,0x00,0xDF,0x80,0x00,0x00,0x00,0x00,0x00,0x4F,0xE1,
  0x00,0x05,0x63,0x00,0x00,0x04,0x41,0x00,0x0C,0xF7,0x01,0x22,0x10,0x00,0x12,0x3E,0xF6,0x07,0xFF,0x50,0x00,0xAF,0xFF,0xE2,
  0x07,0xFF,0x50,0x00,0xAF,0xF6,0x10,0x07,0xFF,0x50,0x00,0xAF,0xF2,0x00,0x07,0xFF,0x50,0x00,0xAF,0xF2,0x00,0x07,0xFF,0x50,
  0x00,0xAF,0xF2,0x00,0x07,0xFF,0x50,0x00,0xAF,0xF2,0x00,0x07,0xFF,0x50,0x00,0xBF,0xF2,0x00,0x07,0xFF,0x60,0x00,0xEF,0xF2,
  0x00,0x05,0xFF,0xD4,0x29,0xFF,0xF2,0x00,0x01,0xDF,0xFF,0xFE,0xCF,0xF2,0x00,0x00,0x4D,0xFF,0xE4,0xAF,0xF2,0x00,0x00,0x00,
  0x22,0x00,0x00,0x00,0x00,0x00,0x00,0x00,0x6B,0xB6,0x00,0x00,0x00,0x00,0x00,0x00,0x04,0xFD,0xDF,0x60,0x00,0x00,0x00,0x00,
  0x00,0x04,0x82,0x4F,0x90,0x00,0x00,0x00,0x00,0x00,0x00,0x05,0xEE,0x30,0x00,0x00,0x00,0x00,0x00,0x00,0x0D,0xD2,0x00,0x00,
  0xBC,0x60,0x00,0x00,0x00,0x01,0x10,0x00,0x00,0xEF,0x70,0x03,0x88,0x40,0x00,0x00,0x07,0x8A,0xFF,0x50,0x05,0xFF,0x80,0x00,
  0x00,0x0C,0xFF,0xEA,0x00,0x05,0xFF,0x80,0x00,0x00,0x0C,0xFF,0x00,0x00,0x05,0xFF,0x80,0x00,0x00,0x0C,0xFF,0x00,0x00,0x05,
  0xFF,0x80,0x00,0x00,0x0C,0xFF,0x00,0x00,0x05,0xFF,0x80,0x00,0x00,0x0C,0xFF,0x00,0x00,0x05,0xFF,0x80,0x00,0x00,0x0C,0xFF,
  0x00,0x00,0x05,0xFF,0x80,0x00,0x00,0x0C,0xFF,0x00,0x00,0x05,0xFF,0x80,0x00,0x00,0x0C,0xFF,0x00,0x00,0x05,0xFF,0x80,0x00,
  0x00,0x0C,0xFF,0x00,0x00,0x05,0xFF,0x80,0x00,0x00,0x0D,0xFE,0x00,0x00,0x03,0xFF,0xB0,0x00,0x00,0x1F,0xFD,0x00,0x00,0x00,
  0xEF,0xF5,0x00,0x00,0xAF,0xF9,0x00,0x00,0x00,0x8F,0xFF,0xB8,0x9D,0xFF,0xF3,0x00,0x00,0x00,0x0B,0xFF,0xFF,0xFF,0xFF,0x60,
  0x00,0x00,0x00,0x00,0x6C,0xFF,0xFF,0xB3,0x00,0x00,0x00,0x00,0x00,0x00,0x13,0x20,0x00,0x00,0x00,0x00,0x00,0x00,0x04,0x52,
  0x00,0x00,0x00,0x00,0x00,0xBF,0xFF,0x50,0x00,0x00,0x00,0x03,0xE9,0x3F,0xC0,0x00,0x00,0x00,0x00,0x00,0x7F,0x90,0x00,0x00,
  0x00,0x00,0x08,0xF9,0x10,0x05,0x63,0x00,0x00,0x05,0x70,0x00,0x0C,0xF7,0x01,0x22,0x10,0x00,0x12,0x3E,0xF6,0x07,0xFF,0x50,
  0x00,0xAF,0xFF,0xE2,0x07,0xFF,0x50,0x00,0xAF,0xF6,0x10,0x07,0xFF,0x50,0x00,0xAF,0xF2,0x00,0x07,0xFF,0x50,0x00,0xAF,0xF2,
  0x00,0x07,0xFF,0x50,0x00,0xAF,0xF2,0x00,0x07,0xFF,0x50,0x00,0xAF,0xF2,0x00,0x07,0xFF,0x50,0x00,0xBF,0xF2,0x00,0x07,0xFF,
  0x60,0x00,0xEF,0xF2,0x00,0x05,0xFF,0xD4,0x29,0xFF,0xF2,0x00,0x01,0xDF,0xFF,0xFE,0xCF,0xF2,0x00,0x00,0x4D,0xFF,0xE4,0xAF,
  0xF2,0x00,0x00,0x00,0x22,0x00,0x00,0x00,0x00,0x00,0x00,0x02,0x52,0x01,0x52,0x00,0x00,0x00,0x00,0x00,0x2E,0xFF,0x85,0xF6,
  0x00,0x00,0x00,0x00,0x00,0x6F,0x8C,0xFF,0xF3,0x00,0x00,0x00,0x00,0x00,0x48,0x10,0x69,0x50,0x00,0xBC,0x60,0x00,0x00,0x00,
  0x00,0x00,0x00,0x00,0xEF,0x70,0x03,0x88,0x40,0x00,0x00,0x07,0x8A,0xFF,0x50,0x05,0xFF,0x80,0x00,0x00,0x0C,0xFF,0xEA,0x00,
  0x05,0xFF,0x80,0x00,0x00,0x0C,0xFF,0x00,0x00,0x05,0xFF,0x80,0x00,0x00,0x0C,0xFF,0x00,0x00,0x05,0xFF,0x80,0x00,0x00,0x0C,
  0xFF,0x00,0x00,0x05,0xFF,0x80,0x00,0x00,0x0C,0xFF,0x00,0x00,0x05,0xFF,0x80,0x00,0x00,0x0C,0xFF,0x00,0x00,0x05,0xFF,0x80,
  0x00,0x00,0x0C,0xFF,0x00,0x00,0x05,0xFF,0x80,0x00,0x00,0x0C,0xFF,0x00,0x00,0x05,0xFF,0x80,0x00,0x00,0x0C,0xFF,0x00,0x00,
  0x05,0xFF,0x80,0x00,0x00,0x0D,0xFE,0x00,0x00,0x03,0xFF,0xB0,0x00,0x00,0x1F,0xFD,0x00,0x00,0x00,0xEF,0xF5,0x00,0x00,0xAF,
  0xF9,0x00,0x00,0x00,0x8F,0xFF,0xB8,0x9D,0xFF,0xF3,0x00,0x00,0x00,0x0B,0xFF,0xFF,0xFF,0xFF,0x60,0x00,0x00,0x00,0x00,0x6C,
  0xFF,0xFF,0xB3,0x00,0x00,0x00,0x00,0x00,0x00,0x13,0x20,0x00,0x00,0x00,0x00,0x00,0x07,0xEC,0x40,0xD9,0x00,0x00,0x00,0x1F,
  0xEE,0xFC,0xF8,0x00,0x00,0x00,0x4E,0x52,0xBF,0xD2,0x05,0x63,0x00,0x00,0x00,0x00,0x00,0x0C,0xF7,0x01,0x22,0x10,0x00,0x12,
  0x3E,0xF6,0x07,0xFF,0x50,0x00,0xAF,0xFF,0xE2,0x07,0xFF,0x50,0x00,0xAF,0xF6,0x10,0x07,0xFF,0x50,0x00,0xAF,0xF2,0x00,0x07,
  0xFF,0x50,0x00,0xAF,0xF2,0x00,0x07,0xFF,0x50,0x00,0xAF,0xF2,0x00,0x07,0xFF,0x50,0x00,0xAF,0xF2,0x00,0x07,0xFF,0x50,0x00,
  0xBF,0xF2,0x00,0x07,0xFF,0x60,0x00,0xEF,0xF2,0x00,0x05,0xFF,0xD4,0x29,0xFF,0xF2,0x00,0x01,0xDF,0xFF,0xFE,0xCF,0xF2,0x00,
  0x00,0x4D,0xFF,0xE4,0xAF,0xF2,0x00,0x00,0x00,0x22,0x00,0x00,0x00,0x00,0x00,0x00,0x00,0x00,0x00,0x00,0x00,0xBC,0x60,0x00,
  0x00,0x00,0x00,0x00,0x00,0x00,0xEF,0x70,0x03,0x88,0x40,0x00,0x00,0x07,0x8A,0xFF,0x50,0x05,0xFF,0x80,0x00,0x00,0x0C,0xFF,
  0xEA,0x00,0x05,0xFF,0x80,0x00,0x00,0x0C,0xFF,0x00,0x00,0x05,0xFF,0x80,0x00,0x00,0x0C,0xFF,0x00,0x00,0x05,0xFF,0x80,0x00,
  0x00,0x0C,0xFF,0x00,0x00,0x05,0xFF,0x80,0x00,0x00,0x0C,0xFF,0x00,0x00,0x05,0xFF,0x80,0x00,0x00,0x0C,0xFF,0x00,0x00,0x05,
  0xFF,0x80,0x00,0x00,0x0C,0xFF,0x00,0x00,0x05,0xFF,0x80,0x00,0x00,0x0C,0xFF,0x00,0x00,0x05,0xFF,0x80,0x00,0x00,0x0C,0xFF,
  0x00,0x00,0x05,0xFF,0x80,0x00,0x00,0x0D,0xFE,0x00,0x00,0x03,0xFF,0xB0,0x00,0x00,0x1F,0xFD,0x00,0x00,0x00,0xEF,0xF5,0x00,
  0x00,0xAF,0xF9,0x00,0x00,0x00,0x8F,0xFF,0xB8,0x9D,0xFF,0xF3,0x00,0x00,0x00,0x0B,0xFF,0xFF,0xFF,0xFF,0x60,0x00,0x00,0x00,
  0x00,0x6C,0xFF,0xFF,0xB3,0x00,0x00,0x00,0x00,0x00,0x00,0x13,0x20,0x00,0x00,0x00,0x00,0x00,0x00,0x00,0x00,0x00,0x00,0x00,
  0x00,0x00,0x00,0x00,0x00,0x4E,0xE3,0x00,0x00,0x00,0x00,0x00,0x00,0x00,0x8F,0xF7,0x00,0x00,0x00,0x00,0x00,0x00,0x00,0x3E,
  0xD2,0x00,0x00,0x00,0x00,0x00,0x00,0x00,0x00,0x00,0x00,0x00,0x00,0x00,0x00,0x00,0x00,0x00,0x00,0x05,0x63,0x00,0x00,0x00,
  0x00,0x00,0x0C,0xF7,0x01,0x22,0x10,0x00,0x12,0x3E,0xF6,0x07,0xFF,0x50,0x00,0xAF,0xFF,0xE2,0x07,0xFF,0x50,0x00,0xAF,0xF6,
  0x10,0x07,0xFF,0x50,0x00,0xAF,0xF2,0x00,0x07,0xFF,0x50,0x00,0xAF,0xF2,0x00,0x07,0xFF,0x50,0x00,0xAF,0xF2,0x00,0x07,0xFF,
  0x50,0x00,0xAF,0xF2,0x00,0x07,0xFF,0x50,0x00,0xBF,0xF2,0x00,0x07,0xFF,0x60,0x00,0xEF,0xF2,0x00,0x05,0xFF,0xD4,0x29,0xFF,
  0xF2,0x00,0x01,0xDF,0xFF,0xFE,0xCF,0xF2,0x00,0x00,0x4D,0xFF,0xE4,0xAF,0xF2,0x00,0x00,0x00,0x22,0x00,0x00,0x00,0x00,0x00,
  0x00,0x00,0x10,0x00,0x00,0x00,0x00,0x00,0x2D,0xF5,0x00,0x00,0x00,0x00,0x00,0x5F,0xFA,0x00,0x00,0x00,0x00,0x00,0x1D,0xE5,
  0x00,0x00,0x00,0x00,0x00,0x00,0x00,0x00,0x00,0x00,0x00,0x00,0x8D,0xC1,0x00,0x00,0x00,0x00,0x00,0x00,0x1E,0xF7,0x00,0x00,
  0x00,0x00,0x00,0x00,0x07,0xFD,0x00,0x00,0x00,0x00,0x00,0x00,0x00,0xCE,0x50,0x00,0x00,0x00,0x00,0x00,0x00,0x00,0x00,0x00,
  0x00,0x00,0x38,0x86,0x00,0x00,0x00,0x08,0x88,0x10,0x1E,0xFF,0x20,0x00,0x00,0x7F,0xFA,0x00,0x06,0xFF,0xA0,0x00,0x01,0xEF,
  0xF2,0x00,0x00,0xDF,0xF3,0x00,0x07,0xFF,0x90,0x00,0x00,0x5F,0xFA,0x00,0x1E,0xFE,0x10,0x00,0x00,0x0C,0xFF,0x30,0x8F,0xF8,
  0x00,0x00,0x00,0x04,0xFF,0xB1,0xEF,0xE1,0x00,0x00,0x00,0x00,0xBF,0xFB,0xFF,0x70,0x00,0x00,0x00,0x00,0x3F,0xFF,0xFD,0x00,
  0x00,0x00,0x00,0x00,0x0A,0xFF,0xF6,0x00,0x00,0x00,0x00,0x00,0x02,0xFF,0xD0,0x00,0x00,0x00,0x00,0x00,0x01,0xFF,0xC0,0x00,
  0x00,0x00,0x00,0x00,0x01,0xFF,0xC0,0x00,0x00,0x00,0x00,0x00,0x01,0xFF,0xC0,0x00,0x00,0x00,0x00,0x00,0x01,0xFF,0xC0,0x00,
  0x00,0x00,0x00,0x00,0x01,0xFF,0xC0,0x00,0x00,0x00,0x00,0x07,0x85,0x00,0x00,0x00,0x00,0x07,0xFF,0x10,0x00,0x00,0x00,0x00,
  0xDF,0x80,0x00,0x00,0x00,0x00,0x4F,0xE1,0x00,0x00,0x00,0x00,0x04,0x41,0x00,0x00,0x12,0x21,0x00,0x00,0x02,0x22,0x2F,0xFB,
  0x00,0x00,0x3F,0xF9,0x0B,0xFF,0x10,0x00,0x8F,0xF4,0x06,0xFF,0x60,0x00,0xDF,0xD0,0x01,0xEF,0xB0,0x03,0xFF,0x80,0x00,0xAF,
  0xF2,0x09,0xFF,0x20,0x00,0x4F,0xF7,0x0E,0xFB,0x00,0x00,0x0D,0xFC,0x4F,0xF6,0x00,0x00,0x08,0xFF,0xCF,0xE1,0x00,0x00,0x02,
  0xFF,0xFF,0x90,0x00,0x00,0x00,0xCF,0xFF,0x40,0x00,0x00,0x00,0x6F,0xFD,0x00,0x00,0x00,0x00,0x6F,0xF7,0x00,0x00,0x14,0x48,
  0xFF,0xD1,0x00,0x00,0x3F,0xFF,0xFE,0x30,0x00,0x00,0x3F,0xFE,0xA2,0x00,0x00,0x00,0x01,0x10,0x00,0x00,0x00,0x00,0x38,0x86,
  0x00,0x00,0x00,0x08,0x88,0x10,0x1E,0xFF,0x20,0x00,0x00,0x7F,0xFA,0x00,0x06,0xFF,0xA0,0x00,0x01,0xEF,0xF2,0x00,0x00,0xDF,
  0xF3,0x00,0x07,0xFF,0x90,0x00,0x00,0x5F,0xFA,0x00,0x1E,0xFE,0x10,0x00,0x00,0x0C,0xFF,0x30,0x8F,0xF8,0x00,0x00,0x00,0x04,
  0xFF,0xB1,0xEF,0xE1,0x00,0x00,0x00,0x00,0xBF,0xFB,0xFF,0x70,0x00,0x00,0x00,0x00,0x3F,0xFF,0xFD,0x00,0x00,0x00,0x00,0x00,
  0x0A,0xFF,0xF6,0x00,0x00,0x00,0x00,0x00,0x02,0xFF,0xD0,0x00,0x00,0x00,0x00,0x00,0x01,0xFF,0xC0,0x00,0x00,0x00,0x00,0x00,
  0x01,0xFF,0xC0,0x00,0x00,0x00,0x00,0x00,0x01,0xFF,0xC0,0x00,0x00,0x00,0x00,0x00,0x01,0xFF,0xC0,0x00,0x00,0x00,0x00,0x00,
  0x01,0xFF,0xC0,0x00,0x00,0x00,0x00,0x00,0x00,0x00,0x00,0x00,0x00,0x00,0x00,0x00,0x00,0x01,0x00,0x00,0x00,0x00,0x00,0x00,
  0x00,0xBF,0x80,0x00,0x00,0x00,0x00,0x00,0x02,0xFF,0xE0,0x00,0x00,0x00,0x00,0x00,0x00,0xAF,0x80,0x00,0x00,0x00,0x00,0x00,
  0x00,0x00,0x00,0x00,0x00,0x00,0x12,0x21,0x00,0x00,0x02,0x22,0x2F,0xFB,0x00,0x00,0x3F,0xF9,0x0B,0xFF,0x10,0x00,0x8F,0xF4,
  0x06,0xFF,0x60,0x00,0xDF,0xD0,0x01,0xEF,0xB0,0x03,0xFF,0x80,0x00,0xAF,0xF2,0x09,0xFF,0x20,0x00,0x4F,0xF7,0x0E,0xFB,0x00,
  0x00,0x0D,0xFC,0x4F,0xF6,0x00,0x00,0x08,0xFF,0xCF,0xE1,0x00,0x00,0x02,0xFF,0xFF,0x90,0x00,0x00,0x00,0xCF,0xFF,0x40,0x00,
  0x00,0x00,0x6F,0xFD,0x00,0x00,0x00,0x00,0x6F,0xF7,0x00,0x00,0x14,0x48,0xFF,0xD1,0x01,0x00,0x3F,0xFF,0xFE,0x30,0x8F,0xB0,
  0x3F,0xFE,0xA2,0x00,0xEF,0xF2,0x01,0x10,0x00,0x00,0x7F,0xB0,0x00,0x00,0x00,0x00,0x00,0x00,0x00,0x00,0x02,0x9B,0x91,0x00,
  0x00,0x00,0x00,0x00,0x0C,0xFC,0xFC,0x00,0x00,0x00,0x00,0x00,0x08,0x60,0xCF,0x00,0x00,0x00,0x00,0x00,0x00,0x1A,0xF9,0x00,
  0x00,0x00,0x00,0x00,0x00,0x6F,0x70,0x00,0x00,0x00,0x00,0x00,0x00,0x12,0x00,0x00,0x00,0x00,0x38,0x86,0x00,0x00,0x00,0x08,
  0x88,0x10,0x1E,0xFF,0x20,0x00,0x00,0x7F,0xFA,0x00,0x06,0xFF,0xA0,0x00,0x01,0xEF,0xF2,0x00,0x00,0xDF,0xF3,0x00,0x07,0xFF,
  0x90,0x00,0x00,0x5F,0xFA,0x00,0x1E,0xFE,0x10,0x00,0x00,0x0C,0xFF,0x30,0x8F,0xF8,0x00,0x00,0x00,0x04,0xFF,0xB1,0xEF,0xE1,
  0x00,0x00,0x00,0x00,0xBF,0xFB,0xFF,0x70,0x00,0x00,0x00,0x00,0x3F,0xFF,0xFD,0x00,0x00,0x00,0x00,0x00,0x0A,0xFF,0xF6,0x00,
  0x00,0x00,0x00,0x00,0x02,0xFF,0xD0,0x00,0x00,0x00,0x00,0x00,0x01,0xFF,0xC0,0x00,0x00,0x00,0x00,0x00,0x01,0xFF,0xC0,0x00,
  0x00,0x00,0x00,0x00,0x01,0xFF,0xC0,0x00,0x00,0x00,0x00,0x00,0x01,0xFF,0xC0,0x00,0x00,0x00,0x00,0x00,0x01,0xFF,0xC0,0x00,
  0x00,0x00,0x00,0x00,0x04,0x52,0x00,0x00,0x00,0x00,0xBF,0xFF,0x50,0x00,0x00,0x03,0xE9,0x3F,0xC0,0x00,0x00,0x00,0x00,0x7F,
  0x90,0x00,0x00,0x00,0x08,0xF9,0x10,0x00,0x00,0x00,0x05,0x70,0x00,0x00,0x12,0x21,0x00,0x00,0x02,0x22,0x2F,0xFB,0x00,0x00,
  0x3F,0xF9,0x0B,0xFF,0x10,0x00,0x8F,0xF4,0x06,0xFF,0x60,0x00,0xDF,0xD0,0x01,0xEF,0xB0,0x03,0xFF,0x80,0x00,0xAF,0xF2,0x09,
  0xFF,0x20,0x00,0x4F,0xF7,0x0E,0xFB,0x00,0x00,0x0D,0xFC,0x4F,0xF6,0x00,0x00,0x08,0xFF,0xCF,0xE1,0x00,0x00,0x02,0xFF,0xFF,
  0x90,0x00,0x00,0x00,0xCF,0xFF,0x40,0x00,0x00,0x00,0x6F,0xFD,0x00,0x00,0x00,0x00,0x6F,0xF7,0x00,0x00,0x14,0x48,0xFF,0xD1,
  0x00,0x00,0x3F,0xFF,0xFE,0x30,0x00,0x00,0x3F,0xFE,0xA2,0x00,0x00,0x00,0x01,0x10,0x00,0x00,0x00,0x00,0x00,0x00,0x04,0x40,
  0x03,0x40,0x00,0x00,0x00,0x00,0x9F,0xFC,0x3C,0xD0,0x00,0x00,0x00,0x00,0xEC,0x8F,0xFF,0x90,0x00,0x00,0x00,0x00,0x95,0x04,
  0xA9,0x10,0x00,0x00,0x00,0x00,0x00,0x00,0x00,0x00,0x00,0x00,0x38,0x86,0x00,0x00,0x00,0x08,0x88,0x10,0x1E,0xFF,0x20,0x00,
  0x00,0x7F,0xFA,0x00,0x06,0xFF,0xA0,0x00,0x01,0xEF,0xF2,0x00,0x00,0xDF,0xF3,0x00,0x07,0xFF,0x90,0x00,0x00,0x5F,0xFA,0x00,
  0x1E,0xFE,0x10,0x00,0x00,0x0C,0xFF,0x30,0x8F,0xF8,0x00,0x00,0x00,0x04,0xFF,0xB1,0xEF,0xE1,0x00,0x00,0x00,0x00,0xBF,0xFB,
  0xFF,0x70,0x00,0x00,0x00,0x00,0x3F,0xFF,0xFD,0x00,0x00,0x00,0x00,0x00,0x0A,0xFF,0xF6,0x00,0x00,0x00,0x00,0x00,0x02,0xFF,
  0xD0,0x00,0x00,0x00,0x00,0x00,0x01,0xFF,0xC0,0x00,0x00,0x00,0x00,0x00,0x01,0xFF,0xC0,0x00,0x00,0x00,0x00,0x00,0x01,0xFF,
  0xC0,0x00,0x00,0x00,0x00,0x00,0x01,0xFF,0xC0,0x00,0x00,0x00,0x00,0x00,0x01,0xFF,0xC0,0x00,0x00,0x00,0x00,0x07,0xEC,0x40,
  0xD9,0x00,0x00,0x1F,0xEE,0xFC,0xF8,0x00,0x00,0x4E,0x52,0xBF,0xD2,0x00,0x00,0x00,0x00,0x00,0x00,0x00,0x12,0x21,0x00,0x00,
  0x02,0x22,0x2F,0xFB,0x00,0x00,0x3F,0xF9,0x0B,0xFF,0x10,0x00,0x8F,0xF4,0x06,0xFF,0x60,0x00,0xDF,0xD0,0x01,0xEF,0xB0,0x03,
  0xFF,0x80,0x00,0xAF,0xF2,0x09,0xFF,0x20,0x00,0x4F,0xF7,0x0E,0xFB,0x00,0x00,0x0D,0xFC,0x4F,0xF6,0x00,0x00,0x08,0xFF,0xCF,
  0xE1,0x00,0x00,0x02,0xFF,0xFF,0x90,0x00,0x00,0x00,0xCF,0xFF,0x40,0x00,0x00,0x00,0x6F,0xFD,0x00,0x00,0x00,0x00,0x6F,0xF7,
  0x00,0x00,0x14,0x48,0xFF,0xD1,0x00,0x00,0x3F,0xFF,0xFE,0x30,0x00,0x00,0x3F,0xFE,0xA2,0x00,0x00,0x00,0x01,0x10,0x00,0x00,
  0x00,0x00,0x00,0x44,0x44,0x44,0x44,0x44,0x00,0x00,0x00,0xFF,0xFF,0xFF,0xFF,0xFF,0x00,0x00,0x00,0xFF,0xFF,0xFF,0xFF,0xFF,
  0x00,0x00,0x00,0x00,0x00,0x00,0x00,0x00,0x00,0x00,0x00,0x00,0x00,0x00,0x00,0x00,0x00,0x00,0x00,0x00,0x00,0x00,0x00,0x00,
  0x00,0x00,0x00,0x00,0x00,0x00,0x00,0x00,0x00,0x00,0x00,0x00,0x00,0x00,0x00,0x00,0x00,0x00,0x00,0x44,0x44,0x44,0x44,0x44,
  0x44,0x40,0x00,0x00,0xFF,0xFF,0xFF,0xFF,0xFF,0xFF,0xF0,0x00,0x00,0xFF,0xFF,0xFF,0xFF,0xFF,0xFF,0xF0,0x00,0x00,0x00,0x00,
  0x00,0x00,0x00,0x00,0x00,0x00,0x00,0x00,0x00,0x00,0x00,0x00,0x00,0x00,0x00,0x00,0x00,0x00,0x00,0x00,0x00,0x00,0x00,0x00,
  0x00,0x00,0x00,0x00,0x00,0x00,0x00,0x00,0x00,0x00,0x00,0x00,0x00,0x00,0x00,0x00,0x00,0x00,0x00,0x5A,0x00,0x01,0xD3,0x00,
  0x07,0xC0,0x00,0x0D,0xF8,0x00,0x0E,0xFC,0x00,0x08,0xE6,0x00,0x00,0x00,0x00,0x00,0x00,0x00,0x00,0x00,0x00,0x00,0x00,0x00,
  0x00,0x00,0x00,0x00,0x00,0x00,0x00,0x00,0x00,0x00,0x00,0x00,0x00,0x00,0x00,0x09,0xE6,0x00,0x0E,0xFC,0x00,0x09,0xF9,0x00,
  0x01,0xE2,0x00,0x09,0x70,0x00,0x07,0x00,0x00,0x00,0x00,0x00,0x00,0x00,0x00,0x00,0x00,0x00,0x00,0x00,0x00,0x00,0x00,0x00,
  0x00,0x00,0x00,0x00,0x00,0x00,0x00,0x00,0x00,0x00,0x00,0x00,0x05,0xB0,0x06,0xB0,0x00,0x1D,0x30,0x1D,0x30,0x00,0x7C,0x00,
  0x7C,0x00,0x00,0xDF,0x90,0xDF,0x80,0x00,0xEF,0xC0,0xEF,0xC0,0x00,0x8E,0x60,0x8E,0x60,0x00,0x00,0x00,0x00,0x00,0x00,0x00,
  0x00,0x00,0x00,0x00,0x00,0x00,0x00,0x00,0x00,0x00,0x00,0x00,0x00,0x00,0x00,0x00,0x00,0x00,0x00,0x00,0x00,0x00,0x00,0x00,
  0x00,0x00,0x00,0x00,0x00,0x00,0x00,0x00,0x00,0x00,0x00,0x00,0x00,0x00,0x00,0x09,0xE6,0x08,0xE6,0x00,0x0E,0xFC,0x0E,0xFC,
  0x00,0x09,0xF9,0x09,0xF9,0x00,0x01,0xE2,0x01,0xE2,0x00,0x09,0x70,0x09,0x70,0x00,0x07,0x00,0x07,0x00,0x00,0x00,0x00,0x00,
  0x00,0x00,0x00,0x00,0x00,0x00,0x00,0x00,0x00,0x00,0x00,0x00,0x00,0x00,0x00,0x00,0x00,0x00,0x00,0x00,0x00,0x00,0x00,0x00,
  0x00,0x00,0x00,0x00,0x00,0x00,0x00,0x00,0x00,0x00,0x00,0x00,0x00,0x00,0x00,0x00,0x00,0x00,0x00,0x06,0xDF,0xC5,0x00,0x00,
  0x00,0x6F,0xFF,0xFF,0x50,0x00,0x00,0xDF,0xFF,0xFF,0xC0,0x00,0x00,0xFF,0xFF,0xFF,0xF0,0x00,0x00,0xCF,0xFF,0xFF,0xC0,0x00,
  0x00,0x5F,0xFF,0xFF,0x50,0x00,0x00,0x05,0xDF,0xC5,0x00,0x00,0x00,0x00,0x00,0x00,0x00,0x00,0x00,0x00,0x00,0x00,0x00,0x00,
  0x00,0x00,0x00,0x00,0x00,0x00,0x00,0x00,0x00,0x00,0x00,0x00,0x00,0x8E,0x60,0x00,0x6E,0x80,0x00,0x4E,0xB0,0x00,0xEF,0xC0,
  0x00,0xCF,0xE0,0x00,0x9F,0xF2,0x00,0x8E,0x60,0x00,0x6E,0x80,0x00,0x4E,0xB0,0x00,0x00,0x00,0x00,0x9B,0x60,0x00,0x00,0x00,
  0x01,0xAA,0xEF,0xDA,0x00,0x00,0x00,0x01,0xDD,0xFF,0xED,0x00,0x00,0x01,0x56,0x40,0xDF,0x80,0x00,0x00,0x4E,0xFF,0xFA,0xDF,
  0x80,0x00,0x01,0xEF,0xE9,0x9E,0xFF,0x80,0x00,0x06,0xFF,0x50,0x04,0xFF,0x80,0x00,0x08,0xFE,0x00,0x00,0xEF,0x80,0x00,0x08,
  0xFF,0x10,0x00,0xEF,0x80,0x00,0x04,0xFF,0x90,0x08,0xFF,0x80,0x00,0x00,0xBF,0xFE,0xEF,0xFF,0x80,0x00,0x00,0x1A,0xFF,0xE5,
  0xDF,0x80,0x00,0x00,0x00,0x01,0x00,0x00,0x00,0x00,0x06,0x77,0x77,0x77,0x77,0x76,0x00,0x0C,0xFF,0xFF,0xFF,0xFF,0xFC,0x00,
};

// Xếp theo `ma` tăng dần — tìm bằng chia đôi.
static const Chu CHU[] = {
  {0x0020, 0, 0, 0, 0, 5, 0},
  {0x0021, 7, 15, 0, -15, 7, 0},
  {0x0022, 8, 15, 0, -15, 8, 60},
  {0x0023, 18, 15, 0, -15, 18, 120},
  {0x0024, 14, 19, 0, -17, 14, 255},
  {0x0025, 18, 15, 0, -15, 18, 388},
  {0x0026, 16, 15, 0, -15, 16, 523},
  {0x0027, 4, 15, 0, -15, 4, 643},
  {0x0028, 9, 22, 0, -17, 9, 673},
  {0x0029, 9, 22, 0, -17, 9, 783},
  {0x002A, 11, 15, 0, -15, 11, 893},
  {0x002B, 13, 11, 0, -11, 13, 983},
  {0x002C, 7, 6, 0, -3, 7, 1060},
  {0x002D, 13, 8, 0, -8, 13, 1084},
  {0x002E, 7, 3, 0, -3, 7, 1140},
  {0x002F, 11, 21, 0, -17, 11, 1152},
  {0x0030, 15, 15, 0, -15, 15, 1278},
  {0x0031, 9, 15, 0, -15, 9, 1398},
  {0x0032, 14, 15, 0, -15, 14, 1473},
  {0x0033, 14, 15, 0, -15, 14, 1578},
  {0x0034, 15, 15, 0, -15, 15, 1683},
  {0x0035, 14, 15, 0, -15, 14, 1803},
  {0x0036, 15, 15, 0, -15, 15, 1908},
  {0x0037, 13, 15, 0, -15, 13, 2028},
  {0x0038, 14, 15, 0, -15, 14, 2133},
  {0x0039, 15, 15, 0, -15, 15, 2238},
  {0x003A, 7, 11, 0, -11, 7, 2358},
  {0x003B, 7, 14, 0, -11, 7, 2402},
  {0x003C, 12, 12, 0, -12, 12, 2458},
  {0x003D, 16, 10, 0, -10, 16, 2530},
  {0x003E, 12, 12, 0, -12, 12, 2610},
  {0x003F, 13, 15, 0, -15, 13, 2682},
  {0x0040, 21, 18, 0, -15, 21, 2787},
  {0x0041, 16, 15, 0, -15, 16, 2985},
  {0x0042, 15, 15, 0, -15, 15, 3105},
  {0x0043, 16, 15, 0, -15, 16, 3225},
  {0x0044, 16, 15, 0, -15, 16, 3345},
  {0x0045, 13, 15, 0, -15, 13, 3465},
  {0x0046, 13, 15, 0, -15, 13, 3570},
  {0x0047, 17, 15, 0, -15, 17, 3675},
  {0x0048, 15, 15, 0, -15, 15, 3810},
  {0x0049, 6, 15, 0, -15, 6, 3930},
  {0x004A, 10, 15, 0, -15, 10, 3975},
  {0x004B, 15, 15, 0, -15, 15, 4050},
  {0x004C, 13, 15, 0, -15, 13, 4170},
  {0x004D, 18, 15, 0, -15, 18, 4275},
  {0x004E, 16, 15, 0, -15, 16, 4410},
  {0x004F, 17, 15, 0, -15, 17, 4530},
  {0x0050, 14, 15, 0, -15, 14, 4665},
  {0x0051, 18, 15, 0, -15, 17, 4770},
  {0x0052, 15, 15, 0, -15, 15, 4905},
  {0x0053, 14, 15, 0, -15, 14, 5025},
  {0x0054, 14, 15, 0, -15, 14, 5130},
  {0x0055, 15, 15, 0, -15, 15, 5235},
  {0x0056, 15, 15, 0, -15, 15, 5355},
  {0x0057, 22, 15, 0, -15, 22, 5475},
  {0x0058, 16, 15, 0, -15, 16, 5640},
  {0x0059, 15, 15, 0, -15, 15, 5760},
  {0x005A, 14, 15, 0, -15, 14, 5880},
  {0x005B, 10, 22, 0, -18, 10, 5985},
  {0x005C, 11, 21, 0, -17, 11, 6095},
  {0x005D, 10, 22, 0, -18, 10, 6221},
  {0x005E, 12, 15, 0, -15, 12, 6331},
  {0x005F, 15, 3, 0, -1, 15, 6421},
  {0x0060, 5, 16, 0, -16, 5, 6445},
  {0x0061, 14, 11, 0, -11, 14, 6493},
  {0x0062, 14, 15, 0, -15, 14, 6570},
  {0x0063, 13, 11, 0, -11, 13, 6675},
  {0x0064, 14, 15, 0, -15, 14, 6752},
  {0x0065, 13, 11, 0, -11, 13, 6857},
  {0x0066, 8, 15, 0, -15, 8, 6934},
  {0x0067, 14, 15, 0, -11, 14, 6994},
  {0x0068, 13, 15, 0, -15, 13, 7099},
  {0x0069, 6, 15, 0, -15, 6, 7204},
  {0x006A, 7, 19, -1, -15, 6, 7249},
  {0x006B, 13, 15, 0, -15, 12, 7325},
  {0x006C, 6, 15, 0, -15, 6, 7430},
  {0x006D, 19, 11, 0, -11, 19, 7475},
  {0x006E, 12, 11, 0, -11, 12, 7585},
  {0x006F, 14, 11, 0, -11, 14, 7651},
  {0x0070, 14, 15, 0, -11, 14, 7728},
  {0x0071, 14, 15, 0, -11, 14, 7833},
  {0x0072, 9, 11, 0, -11, 9, 7938},
  {0x0073, 11, 11, 0, -11, 11, 7993},
  {0x0074, 9, 14, 0, -14, 9, 8059},
  {0x0075, 12, 11, 0, -11, 12, 8129},
  {0x0076, 12, 11, 0, -11, 12, 8195},
  {0x0077, 18, 11, 0, -11, 18, 8261},
  {0x0078, 12, 11, 0, -11, 12, 8360},
  {0x0079, 13, 15, 0, -11, 12, 8426},
  {0x007A, 11, 11, 0, -11, 11, 8531},
  {0x007B, 10, 22, 0, -18, 10, 8597},
  {0x007C, 9, 25, 0, -20, 9, 8707},
  {0x007D, 10, 22, 0, -18, 10, 8832},
  {0x007E, 10, 10, 0, -10, 10, 8942},
  {0x00B0, 10, 15, 0, -15, 10, 8992},
  {0x00B7, 6, 9, 0, -9, 6, 9067},
  {0x00C0, 16, 20, 0, -20, 16, 9094},
  {0x00C1, 16, 20, 0, -20, 16, 9254},
  {0x00C2, 16, 20, 0, -20, 16, 9414},
  {0x00C3, 16, 20, 0, -20, 16, 9574},
  {0x00C8, 13, 20, 0, -20, 13, 9734},
  {0x00C9, 13, 20, 0, -20, 13, 9874},
  {0x00CA, 13, 20, 0, -20, 13, 10014},
  {0x00CC, 6, 20, 0, -20, 6, 10154},
  {0x00CD, 7, 20, 0, -20, 6, 10214},
  {0x00D2, 17, 21, 0, -21, 17, 10294},
  {0x00D3, 17, 21, 0, -21, 17, 10483},
  {0x00D4, 17, 20, 0, -20, 17, 10672},
  {0x00D5, 17, 20, 0, -20, 17, 10852},
  {0x00D7, 13, 11, 0, -11, 13, 11032},
  {0x00D9, 16, 21, 0, -21, 16, 11109},
  {0x00DA, 16, 21, 0, -21, 16, 11277},
  {0x00DD, 15, 20, 0, -20, 15, 11445},
  {0x00E0, 14, 16, 0, -16, 14, 11605},
  {0x00E1, 14, 16, 0, -16, 14, 11717},
  {0x00E2, 14, 15, 0, -15, 14, 11829},
  {0x00E3, 14, 16, 0, -16, 14, 11934},
  {0x00E8, 13, 16, 0, -16, 13, 12046},
  {0x00E9, 13, 16, 0, -16, 13, 12158},
  {0x00EA, 13, 15, 0, -15, 13, 12270},
  {0x00EC, 6, 16, 0, -16, 6, 12375},
  {0x00ED, 7, 16, 0, -16, 6, 12423},
  {0x00F2, 14, 16, 0, -16, 14, 12487},
  {0x00F3, 14, 16, 0, -16, 14, 12599},
  {0x00F4, 14, 15, 0, -15, 14, 12711},
  {0x00F5, 14, 16, 0, -16, 14, 12816},
  {0x00F9, 13, 16, 0, -16, 13, 12928},
  {0x00FA, 13, 16, 0, -16, 13, 13040},
  {0x00FD, 13, 20, 0, -16, 12, 13152},
  {0x0102, 16, 21, 0, -21, 16, 13292},
  {0x0103, 14, 18, 0, -17, 14, 13460},
  {0x0110, 17, 16, 0, -16, 16, 13586},
  {0x0111, 15, 17, 0, -16, 14, 13730},
  {0x0128, 8, 21, -1, -21, 6, 13866},
  {0x0129, 8, 16, -1, -16, 6, 13950},
  {0x0168, 16, 22, 0, -21, 16, 14014},
  {0x0169, 13, 17, 0, -16, 13, 14190},
  {0x01A0, 17, 19, 0, -18, 17, 14309},
  {0x01A1, 14, 15, 0, -14, 14, 14480},
  {0x01AF, 17, 19, 0, -18, 16, 14585},
  {0x01B0, 14, 15, 0, -14, 12, 14756},
  {0x1EA0, 16, 22, 0, -16, 16, 14861},
  {0x1EA1, 14, 18, 0, -12, 14, 15037},
  {0x1EA2, 16, 22, 0, -22, 16, 15163},
  {0x1EA3, 14, 19, 0, -18, 14, 15339},
  {0x1EA4, 16, 24, 0, -24, 16, 15472},
  {0x1EA5, 14, 21, 0, -20, 14, 15664},
  {0x1EA6, 16, 24, 0, -24, 16, 15811},
  {0x1EA7, 14, 21, 0, -20, 14, 16003},
  {0x1EA8, 16, 25, 0, -25, 16, 16150},
  {0x1EA9, 14, 21, 0, -20, 14, 16350},
  {0x1EAA, 16, 25, 0, -25, 16, 16497},
  {0x1EAB, 14, 21, 0, -20, 14, 16697},
  {0x1EAC, 16, 27, 0, -21, 16, 16844},
  {0x1EAD, 14, 23, 0, -17, 14, 17060},
  {0x1EAE, 16, 25, 0, -25, 16, 17221},
  {0x1EAF, 14, 22, 0, -21, 14, 17421},
  {0x1EB0, 16, 25, 0, -25, 16, 17575},
  {0x1EB1, 14, 22, 0, -21, 14, 17775},
  {0x1EB2, 16, 26, 0, -26, 16, 17929},
  {0x1EB3, 14, 23, 0, -22, 14, 18137},
  {0x1EB4, 16, 25, 0, -25, 16, 18298},
  {0x1EB5, 14, 21, 0, -20, 14, 18498},
  {0x1EB6, 16, 27, 0, -21, 16, 18645},
  {0x1EB7, 14, 23, 0, -17, 14, 18861},
  {0x1EB8, 13, 22, 0, -16, 13, 19022},
  {0x1EB9, 13, 18, 0, -12, 13, 19176},
  {0x1EBA, 13, 22, 0, -22, 13, 19302},
  {0x1EBB, 13, 19, 0, -18, 13, 19456},
  {0x1EBC, 13, 21, 0, -21, 13, 19589},
  {0x1EBD, 13, 17, 0, -16, 13, 19736},
  {0x1EBE, 14, 24, 0, -24, 13, 19855},
  {0x1EBF, 14, 21, 0, -20, 13, 20023},
  {0x1EC0, 13, 24, 0, -24, 13, 20170},
  {0x1EC1, 13, 21, 0, -20, 13, 20338},
  {0x1EC2, 14, 25, 0, -25, 13, 20485},
  {0x1EC3, 14, 21, 0, -20, 13, 20660},
  {0x1EC4, 13, 25, 0, -25, 13, 20807},
  {0x1EC5, 13, 21, 0, -20, 13, 20982},
  {0x1EC6, 13, 27, 0, -21, 13, 21129},
  {0x1EC7, 13, 23, 0, -17, 13, 21318},
  {0x1EC8, 6, 22, 0, -22, 6, 21479},
  {0x1EC9, 6, 18, 0, -18, 6, 21545},
  {0x1ECA, 6, 22, 0, -16, 6, 21599},
  {0x1ECB, 6, 23, 0, -17, 6, 21665},
  {0x1ECC, 17, 22, 0, -16, 17, 21734},
  {0x1ECD, 14, 18, 0, -12, 14, 21932},
  {0x1ECE, 17, 24, 0, -23, 17, 22058},
  {0x1ECF, 14, 19, 0, -18, 14, 22274},
  {0x1ED0, 17, 25, 0, -24, 17, 22407},
  {0x1ED1, 14, 21, 0, -20, 14, 22632},
  {0x1ED2, 17, 25, 0, -24, 17, 22779},
  {0x1ED3, 14, 21, 0, -20, 14, 23004},
  {0x1ED4, 17, 26, 0, -25, 17, 23151},
  {0x1ED5, 14, 21, 0, -20, 14, 23385},
  {0x1ED6, 17, 26, 0, -25, 17, 23532},
  {0x1ED7, 14, 21, 0, -20, 14, 23766},
  {0x1ED8, 17, 27, 0, -21, 17, 23913},
  {0x1ED9, 14, 23, 0, -17, 14, 24156},
  {0x1EDA, 17, 22, 0, -21, 17, 24317},
  {0x1EDB, 14, 18, 0, -17, 14, 24515},
  {0x1EDC, 17, 22, 0, -21, 17, 24641},
  {0x1EDD, 14, 18, 0, -17, 14, 24839},
  {0x1EDE, 17, 23, 0, -22, 17, 24965},
  {0x1EDF, 14, 19, 0, -18, 14, 25172},
  {0x1EE0, 17, 22, 0, -21, 17, 25305},
  {0x1EE1, 14, 17, 0, -16, 14, 25503},
  {0x1EE2, 17, 24, 0, -18, 17, 25622},
  {0x1EE3, 14, 20, 0, -14, 14, 25838},
  {0x1EE4, 16, 22, 0, -16, 16, 25978},
  {0x1EE5, 13, 18, 0, -12, 13, 26154},
  {0x1EE6, 16, 23, 0, -22, 16, 26280},
  {0x1EE7, 13, 19, 0, -18, 13, 26464},
  {0x1EE8, 17, 22, 0, -21, 16, 26597},
  {0x1EE9, 14, 18, 0, -17, 13, 26795},
  {0x1EEA, 17, 22, 0, -21, 16, 26921},
  {0x1EEB, 14, 18, 0, -17, 13, 27119},
  {0x1EEC, 17, 23, 0, -22, 16, 27245},
  {0x1EED, 14, 19, 0, -18, 13, 27452},
  {0x1EEE, 17, 22, 0, -21, 16, 27585},
  {0x1EEF, 14, 17, 0, -16, 13, 27783},
  {0x1EF0, 17, 24, 0, -18, 16, 27902},
  {0x1EF1, 14, 20, 0, -14, 13, 28118},
  {0x1EF2, 15, 21, 0, -21, 15, 28258},
  {0x1EF3, 12, 22, 0, -17, 12, 28426},
  {0x1EF4, 15, 22, 0, -16, 15, 28558},
  {0x1EF5, 12, 18, 0, -12, 12, 28734},
  {0x1EF6, 15, 22, 0, -22, 15, 28842},
  {0x1EF7, 12, 23, 0, -18, 12, 29018},
  {0x1EF8, 15, 21, 0, -21, 15, 29156},
  {0x1EF9, 12, 21, 0, -16, 12, 29324},
  {0x2013, 15, 8, 0, -8, 15, 29450},
  {0x2014, 18, 8, 0, -8, 18, 29514},
  {0x2018, 6, 15, 0, -15, 6, 29586},
  {0x2019, 5, 15, 0, -15, 5, 29631},
  {0x201C, 9, 15, 0, -15, 9, 29676},
  {0x201D, 9, 15, 0, -15, 9, 29751},
  {0x2022, 12, 11, 0, -11, 12, 29826},
  {0x2026, 18, 3, 0, -3, 17, 29892},
  {0x20AB, 13, 15, 0, -15, 13, 29919},
};

}  // namespace phongViet
